profile,share,share_test,share_future,med_inputs,med_outputs,med_value_sat,med_fee_rate,med_vsize,top_script,top_script_share,rbf_share,opreturn_share,runes_share_test,exchange_tag_share,top_rule,top_rule_share,eocj_share_future,representative_txid
0,0.0871068027309844,0.0191651867070608,0.0439225211840683,1.0,1.0,1144.9999874457717,6.078947104757198,137.0,P2TR,0.989624903016154,0.9592267734561736,0.0002157129486916,0.0083378757595946,0.0,OneInOneOut,0.997536697295586,0.0,95d7aea443947cf12711e755b494c6147e3687220c7fa5355aecc5507e037fdd
1,0.0766198248523464,0.0569937280666117,0.007468125890363,1.0,2.0,2011790.4990911484,22.02062039450827,142.0,P2WPKH,0.928948326055313,0.3904025061704955,0.0006130941079678,0.3332269758726969,0.0038605151572685,Unlabelled,0.5914736409088033,0.0,92abafcd27b1d905f6e27f97c113cad6cae022f1164fc5aee02afea103da4419
2,0.0730651687953992,0.0388488429230846,0.0001303986523698,1.0,1.0,9680.00022112392,60.99999799716768,150.0,P2TR,0.9980629399345464,0.789254501487015,2.0739401129053e-05,0.0006075334143377,4.1478802258106e-06,OneInOneOut,0.9808699763985615,0.0,3ce1b372f82b4c93c4f645a0c2d777cc213a3e4eca8820c066232b1bc0bbed44
3,0.0706648894901709,0.0466034443399767,0.0029231650964968,1.0,1.0,2841.0000595613383,16.30147006140118,140.0,P2TR,0.9884160279971008,0.8991280927403964,7.29091166417203e-05,0.0006890940488841,0.0,OneInOneOut,0.9919456869968736,0.0,eec5afdbc62fa4a6cb56cbf27ca336870ec08753510eb4cad9611f5df264ed53
4,0.0694483842968393,0.0488920616127497,0.0085319040488536,2.0,2.0,1441620.010882616,22.04419791605838,208.0,P2WPKH,0.5935553974855228,0.352755582514739,0.0027405270714326,0.0215490293836012,0.0020641230967955,Unlabelled,0.5829293092388055,0.0,c561f3058b2b72538748cd4c29a2a48f6266880b29d42001b6622f7ed42fd67d
5,0.0632194776604307,0.0968791230900782,0.0341158582142795,1.0,2.0,1284682.983532548,11.893617022693396,142.0,P2WPKH,0.8897890699904123,0.3869367209971237,0.0008533077660594,0.6285150586891491,0.0012511984659635,Unlabelled,0.5893192713326941,0.0,9a7c85967ca241f080ae35792fd158ad815572b4820259b849e24318fd0c1900
6,0.0602545872004499,0.063218844432063,0.006096585602611,1.0,2.0,1398670.021444559,48.9999979731397,142.0,P2WPKH,0.7435983844439862,0.4251648500882721,0.003113415854781,0.1233605278136494,0.001911305371271,Unlabelled,0.5537957015748151,0.0,96dea0ee7811846433767592189125cf2b0b3a1759f1bd7c83b21f564bf2a26b
7,0.0546042327349606,0.1197769033441283,0.0216217025614717,1.0,1.0,343614.0017583966,20.99999925379221,111.0,P2WPKH,0.8716511352977416,0.4259850255032663,0.0024309968752254,0.7257071974725988,9.43537599973359e-05,OneInOneOut,0.996675417515388,0.0,6b60181934103bb1014bed36b5a47f3d8baf803194be45f822537082c8ac234d
8,0.045930496154704,0.0187554410279625,0.0103840495716188,1.0,2.0,1381350.02925992,23.00000051036477,223.0,P2PKH,0.9993797549372166,0.176248573106438,0.0216821837904891,0.0005157403969138,0.0027581110238662,Unlabelled,0.5488508970459179,0.0,ea67f35a76b5db7b84f3e1110833a0fdeacf83b01fc8d02bbc2fc1f589e1bad5
9,0.0381953536411509,0.0091455699875799,3.889949106327112e-05,1.0,1.0,31626.00041832775,209.9999992966356,151.0,P2TR,0.9995635959692136,0.8291597238752678,0.0001983654685392,0.203282988534924,2.38038562247084e-05,OneInOneOut,0.987026898357534,0.0,9d2d1252d84b7f0c2c048e7a5840b8953d831c28cde98b56cfe9c9d18a1b093c
10,0.0381495907402558,0.1557869322468688,0.4496672611038874,1.0,2.0,1217576.9545137882,2.9999998534751486,144.0,P2WPKH,0.6946035478515082,0.2881100104068193,0.0384099015721446,0.8176988644830566,0.0002462682417241,Unlabelled,0.6224628412999785,0.0,c29b24c9bc2a246bf3ab8946759485d684453395b1da43dc62b18d4a4db49ba0
11,0.0328710977277355,0.0288094934088596,0.0008629043739898,1.0,2.0,2321694.5119202137,184.80141789170236,144.0,P2WPKH,0.5813741218122476,0.5359849532555181,0.0096439305932031,0.429498113055507,0.0032453762608102,RBF,0.4733547233132341,0.0,8bea8bf4dd8454890c5a31a659302001b35e9ae1e2737f0aba7a4fbed6ef3ab5
12,0.0299925809548747,0.0193644492422219,0.1860194500052644,2.0,2.0,481839.501298964,4.9999998908496535,204.0,P2WPKH,0.3995291217008205,0.2451598561092922,0.013156299260337,0.0337276214833759,0.0004142920658017,Unlabelled,0.4919061476900691,0.0,761073f5bd2c530dbb899372ba6505486abd0c8f8da6f56e493627adb301e428
13,0.0285102872576687,0.0210270339287994,0.0223396381484618,3.0,2.0,1633914.9326086044,17.069105228799113,276.0,P2WPKH,0.5356053277773644,0.4201311747260106,0.0107150829674826,0.0541908179225319,0.0012330849446706,FanIn,0.5937516609441604,0.0002561912894961,ab694f2c7ab6b438229a552b090139e0deb49b958491196e03df92c20ce2f0ce
14,0.0270316303472888,0.0261962523166687,0.0138357322301143,1.0,2.0,3839606.046676636,17.954546204448274,170.0,P2SH,0.6121824337959952,0.4842029732941678,0.051707513958338,0.134391846983236,0.0035988967867793,FanOut,0.390945579299056,0.0,d05d508562642da9ec72403725c140d5ecbe9d1342c0782e6f7cfd516099b03f
15,0.0232357340975434,0.0280344975682232,0.0025136483500206,1.0,1.0,298775.0107422471,93.7090887666934,111.0,P2WPKH,0.7832761611603125,0.3907576725925732,0.004565078454134,0.4205586838909131,0.0001695600568678,OneInOneOut,0.994339302716874,0.0,10de1c5daa8cb1a0197e2a04b1f305060c671efc5a359240fd833d354c3ae149
16,0.0230660173789919,0.0204671642426282,0.011916977025809,1.0,3.0,7867983.728647232,25.99999879446636,347.0,P2PKH,0.5015569774928064,0.3713489863222483,0.0765743867348145,0.1027070966766229,0.0333469103522579,Unlabelled,0.3698774126581613,0.0,00f2930b103c1d4a292942db586f94070bb9b3b8422fca60eb28d698cdfa4eeb
17,0.0215158369943654,0.0181000027084228,0.0187168876028021,4.0,2.0,1630564.033985138,20.72009740492133,346.0,P2WPKH,0.507352734033862,0.4691382370341155,0.0055497647688537,0.0273407439076528,0.0027889680818097,FanIn,0.6775220441164042,0.0007016137115365,a98ad4a1bfb4b53665d3fa9e9081bda792922cb8e5ac15c3a585a10424d8b552
18,0.0208409099725543,0.0134508014996924,0.0007045943962131,2.0,2.0,1823999.918997288,139.99999437639994,210.0,P2WPKH,0.4967498945715241,0.4547820902467753,0.0132767170299707,0.065987803474859,0.0047842715255864,Unlabelled,0.4071720447307574,0.0,8700fe52ce0dd98efcf7ac70bd339d9dd8d3e5d2e7089b1628da72adc9beef7a
19,0.0195192410268346,0.0110573295724948,0.0005917123457593,1.0,3.0,3535654.954612255,142.9999937792703,212.0,P2PKH,0.3115858770921964,0.6090581622830171,0.2286898736142595,0.1196024914269718,0.008399838524361,FanOut,0.5510045647921001,0.0,18955a7d53c0eda490d3f71c9018e2ae71864ef20831d2ef909d7f2f0ca37e47
20,0.0179951242811284,0.0153749424460153,0.0137093509115725,6.0,2.0,2517591.9756293297,18.00000058018504,551.0,P2WPKH,0.38599120871718,0.3612341479023864,0.0057598059854825,0.0193270755215542,0.0127827273186587,FanIn,0.7130875591559022,0.0043484169044707,9fe193c615c0b9d196cc47fd2f5d561e09366f1c78535eadd0deaf76f7bbea40
21,0.017926934528139,0.0208927735410306,0.0068997985873468,2.0,8.0,7853021.845221519,50.118915266680204,521.0,P2TR,0.2680213686773059,0.2954929672707601,0.0079287259940492,0.0562057853994592,0.0489078982959156,SingleInFanOut,0.4686908304030295,0.0019971469329529,e7e7f92df1ac536d1472a3de14b296a91ce00f3bdf28c7039a736eea918dd29c
22,0.0142074108017417,0.0735878476937779,0.1114700105673627,1.0,1.0,134688.99996951222,4.107142867074539,111.0,P2WPKH,0.6583544870837689,0.2638921478700484,0.0027517651827044,0.8326568168673432,0.0001066575652211,OneInOneOut,0.9952644041041832,0.0,844589b19b5b8cf70522574a090b2a0af1416980c3624a4e4a8b416c7836469a
23,0.009246227439799,0.0072454179289851,0.0074054107400025,10.0,2.0,5438197.031617165,19.999999544030352,958.0,P2WPKH,0.2975187649546035,0.4098790520829919,0.0101609361172113,0.0194916159350635,0.0190107837031695,FanIn,0.7496148677439444,0.0105599214145383,657220c0fd5925602a0b53ee35fce0a30a1692643394d901e264c7eef114be8c
24,0.0091492464577696,0.0057716490038807,0.0044752258608817,1.0,25.0,22511400.282382965,27.409904720840704,1128.0,P2TR,0.3533074961078538,0.459405743813972,0.0035112126933651,0.0583227190453844,0.123289940044387,SingleInFanOut,0.7779986087647819,0.0216825672159583,b8f7ca4bc2446aa569c4a8177144e9aa6b681cff8aebd51dac6fd5523698a1e5
25,0.007880917052166,0.0025370183360224,0.0029374264851745,3.0,1.0,1974718.552082777,19.02782522038589,542.0,P2PKH,0.8497154283956314,0.1542455006922012,0.0056914320873711,0.0015250876925423,0.0371481310567605,FanIn,0.9076680510690665,0.0006257822277847,e0bdb9e3ddbc17fea9ea47cab8d558f21fe7f0e135bb290f7128220d76d39751
26,0.0060255496397156,0.0046197954753862,0.0036464831133662,22.0,2.0,9738761.55912876,16.037444052143538,2163.0,P2WPKH,0.2498742581229252,0.4280253495624183,0.0045267075746906,0.0257956448911222,0.0341011970626697,FanIn,0.6720148878382457,0.0204878048780487,cb6302a585c62f6223ebbf582f93ffb31386e4652b3869097e56283627976b61
27,0.0055858014993259,0.003525592660948,0.0029220338303973,63.0,1.0,57021164.894104,13.523565454019222,8891.0,P2PKH,0.4962291791004286,0.2523465899842656,0.0097118984319895,0.0145961369622475,0.4070316314904237,FanIn,0.7988172101350984,0.0017084282460136,bf3c4cb5928e2a90f9f31e8354c0b1b89b41af10e6629b360156c6a963d9c5c7
28,0.0035640510895813,0.0026027943185027,0.001698661315519,1.0,51.0,154953986.4063263,20.376475448985797,2027.5,P2WPKH,0.4346088435374149,0.1873299319727891,0.0027210884353741,0.0295822803627174,0.070578231292517,SingleInFanOut,0.5579081632653061,0.1337016574585635,df30f478d9a337fad40d0bd979a511dbc952090e168910719f7d125b432c7f3b
29,0.0026184865147944,0.0020761995411157,0.0011534013667834,2.0,193.0,249928176.40304565,13.169452110205452,6611.5,P2WPKH,0.6039351851851852,0.2395833333333333,0.0001157407407407,0.0130450987700335,0.0024305555555555,SingleInFanOut,0.4112268518518518,0.0788177339901477,c17fa5a7f1cbbcdeab3e6488e76cc5840e02d115724b002467b65a1e66c80221
30,0.0019581066402878,0.0011928667881587,0.0012801813260744,200.0,1.0,54453557.72972107,7.145012709368948,27875.0,P2TR,0.2720941030800186,0.4615384615384615,0.0007738740133106,0.0207590009730781,0.0112985605943352,FanIn,0.6017644327503482,0.0247011952191235,205307a76ee98751002e851ee6d7a5eee24a168d648e462b5a592d0a796c36f9
