timestep,n,illicit,flagged,precision,recall,setting,method,top_clusters
35,1341,182,639,0.28012519561815336,0.9835164835164835,AF-165,ZSH,3
36,1708,33,948,0.03270042194092827,0.9393939393939394,AF-165,ZSH,3
37,498,40,181,0.1712707182320442,0.775,AF-165,ZSH,3
38,756,111,283,0.36395759717314485,0.9279279279279279,AF-165,ZSH,3
39,1183,81,434,0.17972350230414746,0.9629629629629629,AF-165,ZSH,3
40,1211,112,608,0.15460526315789475,0.8392857142857143,AF-165,ZSH,3
41,1132,116,549,0.17122040072859745,0.8103448275862069,AF-165,ZSH,3
42,2154,239,1341,0.15958240119313946,0.895397489539749,AF-165,ZSH,3
43,1370,24,721,0.012482662968099861,0.375,AF-165,ZSH,3
44,1591,24,982,0.008146639511201629,0.3333333333333333,AF-165,ZSH,3
45,1221,5,526,0.0019011406844106464,0.2,AF-165,ZSH,3
46,712,2,400,0.0,0.0,AF-165,ZSH,3
47,846,22,249,0.012048192771084338,0.13636363636363635,AF-165,ZSH,3
48,471,36,190,0.021052631578947368,0.1111111111111111,AF-165,ZSH,3
49,476,56,110,0.03636363636363636,0.07142857142857142,AF-165,ZSH,3
35,1341,182,1174,0.15502555366269166,1.0,AF-165,K-means++ (K),1
36,1708,33,1607,0.020535158680771624,1.0,AF-165,K-means++ (K),1
37,498,40,461,0.08676789587852494,1.0,AF-165,K-means++ (K),1
38,756,111,699,0.15879828326180256,1.0,AF-165,K-means++ (K),1
39,1183,81,1107,0.07317073170731707,1.0,AF-165,K-means++ (K),1
40,1211,112,1089,0.10192837465564739,0.9910714285714286,AF-165,K-means++ (K),1
41,1132,116,985,0.11776649746192894,1.0,AF-165,K-means++ (K),1
42,2154,239,1948,0.12217659137577003,0.99581589958159,AF-165,K-means++ (K),1
43,1370,24,1265,0.018972332015810278,1.0,AF-165,K-means++ (K),1
44,1591,24,1436,0.016713091922005572,1.0,AF-165,K-means++ (K),1
45,1221,5,979,0.005107252298263534,1.0,AF-165,K-means++ (K),1
46,712,2,630,0.0031746031746031746,1.0,AF-165,K-means++ (K),1
47,846,22,681,0.032305433186490456,1.0,AF-165,K-means++ (K),1
48,471,36,398,0.09045226130653267,1.0,AF-165,K-means++ (K),1
49,476,56,418,0.1339712918660287,1.0,AF-165,K-means++ (K),1
35,1341,182,844,0.2132701421800948,0.989010989010989,AF-165,rank-power K-means (K),1
36,1708,33,1364,0.02346041055718475,0.9696969696969697,AF-165,rank-power K-means (K),1
37,498,40,306,0.10784313725490197,0.825,AF-165,rank-power K-means (K),1
38,756,111,458,0.2292576419213974,0.9459459459459459,AF-165,rank-power K-means (K),1
39,1183,81,612,0.12745098039215685,0.9629629629629629,AF-165,rank-power K-means (K),1
40,1211,112,755,0.13509933774834437,0.9107142857142857,AF-165,rank-power K-means (K),1
41,1132,116,769,0.14044213263979194,0.9310344827586207,AF-165,rank-power K-means (K),1
42,2154,239,1559,0.14496472097498397,0.9456066945606695,AF-165,rank-power K-means (K),1
43,1370,24,878,0.014806378132118452,0.5416666666666666,AF-165,rank-power K-means (K),1
44,1591,24,1154,0.012998266897746967,0.625,AF-165,rank-power K-means (K),1
45,1221,5,683,0.0029282576866764276,0.4,AF-165,rank-power K-means (K),1
46,712,2,481,0.004158004158004158,1.0,AF-165,rank-power K-means (K),1
47,846,22,387,0.03617571059431524,0.6363636363636364,AF-165,rank-power K-means (K),1
48,471,36,257,0.023346303501945526,0.16666666666666666,AF-165,rank-power K-means (K),1
49,476,56,291,0.061855670103092786,0.32142857142857145,AF-165,rank-power K-means (K),1
35,1341,182,747,0.23962516733601072,0.9835164835164835,AF-165,uniform + refinement,2
36,1708,33,1192,0.026845637583892617,0.9696969696969697,AF-165,uniform + refinement,2
37,498,40,286,0.10839160839160839,0.775,AF-165,uniform + refinement,2
38,756,111,418,0.24641148325358853,0.9279279279279279,AF-165,uniform + refinement,2
39,1183,81,567,0.13756613756613756,0.9629629629629629,AF-165,uniform + refinement,2
40,1211,112,669,0.14349775784753363,0.8571428571428571,AF-165,uniform + refinement,2
41,1132,116,706,0.13456090651558072,0.8189655172413793,AF-165,uniform + refinement,2
42,2154,239,1466,0.1480218281036835,0.9079497907949791,AF-165,uniform + refinement,2
43,1370,24,788,0.012690355329949238,0.4166666666666667,AF-165,uniform + refinement,2
44,1591,24,1061,0.010367577756833177,0.4583333333333333,AF-165,uniform + refinement,2
45,1221,5,628,0.0015923566878980893,0.2,AF-165,uniform + refinement,2
46,712,2,443,0.002257336343115124,0.5,AF-165,uniform + refinement,2
47,846,22,334,0.014970059880239521,0.22727272727272727,AF-165,uniform + refinement,2
48,471,36,224,0.017857142857142856,0.1111111111111111,AF-165,uniform + refinement,2
49,476,56,270,0.037037037037037035,0.17857142857142858,AF-165,uniform + refinement,2
35,1341,182,672,0.2648809523809524,0.978021978021978,LF-93,ZSH,4
36,1708,33,1038,0.029865125240847785,0.9393939393939394,LF-93,ZSH,4
37,498,40,176,0.17045454545454544,0.75,LF-93,ZSH,4
38,756,111,264,0.39015151515151514,0.9279279279279279,LF-93,ZSH,4
39,1183,81,424,0.18160377358490565,0.9506172839506173,LF-93,ZSH,4
40,1211,112,566,0.15724381625441697,0.7946428571428571,LF-93,ZSH,4
41,1132,116,569,0.16520210896309315,0.8103448275862069,LF-93,ZSH,4
42,2154,239,1340,0.15671641791044777,0.8786610878661087,LF-93,ZSH,4
43,1370,24,851,0.008225616921269096,0.2916666666666667,LF-93,ZSH,4
44,1591,24,961,0.007284079084287201,0.2916666666666667,LF-93,ZSH,4
45,1221,5,509,0.0,0.0,LF-93,ZSH,4
46,712,2,391,0.0,0.0,LF-93,ZSH,4
47,846,22,251,0.01195219123505976,0.13636363636363635,LF-93,ZSH,4
48,471,36,188,0.03723404255319149,0.19444444444444445,LF-93,ZSH,4
49,476,56,100,0.06,0.10714285714285714,LF-93,ZSH,4
35,1341,182,1176,0.15476190476190477,1.0,LF-93,K-means++ (K),1
36,1708,33,1607,0.020535158680771624,1.0,LF-93,K-means++ (K),1
37,498,40,461,0.08676789587852494,1.0,LF-93,K-means++ (K),1
38,756,111,699,0.15879828326180256,1.0,LF-93,K-means++ (K),1
39,1183,81,1107,0.07317073170731707,1.0,LF-93,K-means++ (K),1
40,1211,112,1090,0.1018348623853211,0.9910714285714286,LF-93,K-means++ (K),1
41,1132,116,987,0.11752786220871327,1.0,LF-93,K-means++ (K),1
42,2154,239,1948,0.12217659137577003,0.99581589958159,LF-93,K-means++ (K),1
43,1370,24,1266,0.018957345971563982,1.0,LF-93,K-means++ (K),1
44,1591,24,1436,0.016713091922005572,1.0,LF-93,K-means++ (K),1
45,1221,5,980,0.00510204081632653,1.0,LF-93,K-means++ (K),1
46,712,2,630,0.0031746031746031746,1.0,LF-93,K-means++ (K),1
47,846,22,683,0.032210834553440704,1.0,LF-93,K-means++ (K),1
48,471,36,399,0.09022556390977443,1.0,LF-93,K-means++ (K),1
49,476,56,418,0.1339712918660287,1.0,LF-93,K-means++ (K),1
