profile,n,share,med_inputs,med_outputs,med_value_sat,med_fee_rate,med_vsize,opreturn_share,rbf_share,top_script,top_script_share,top_rule,top_rule_share,runes_share,exchange_tag_share,eocj_share,representative_txid,descriptor
0,24007,0.04392252118406831,1.0,1.0,698.0,2.0,151.0,0.06064897738159703,0.7584454534094223,P2TR,0.9653850960136627,OneInOneOut,0.920814762360978,0.05994085058524597,0.00029158162202690883,0.0,25e416e189da3a31f22617e3300ffe6c14d4dd4e6bd245a8742056ca814be315,1-in/1-out; P2TR 97%; value 698 sat; 2.0 sat/vB; OneInOneOut 92%
1,3053,0.007468125890363034,1.0,2.0,1164548.0,20.232258064516127,141.0,0.17490992466426467,0.5185063871601703,P2WPKH,0.8860137569603669,Unlabelled,0.44251555846708157,0.16966917785784474,0.003930560104814936,0.0,368c0980eab3ec33eec83d11e1c3ec579bef2cd8b58fba773cf6fd57b9bcb8b7,1-in/2-out; P2WPKH 89%; value 0.012 BTC; 20.2 sat/vB
2,72,0.00013039865236985976,1.0,1.0,7146.0,45.0,154.0,0.19444444444444445,0.7638888888888888,P2TR,0.8611111111111112,OneInOneOut,0.6666666666666666,0.19444444444444445,0.05555555555555555,0.0,eab313268b9bd106f32ba97ca7e0f308c014a858e96580620cf42fd481b7a643,"1-in/1-out; P2TR 86%; value 7,146 sat; 45.0 sat/vB; OneInOneOut 67%"
3,1198,0.002923165096496836,1.0,1.0,2382.0,12.845070422535212,151.0,0.0008347245409015025,0.8230383973288815,P2TR,0.9649415692821369,OneInOneOut,0.9841402337228714,0.0008347245409015025,0.0,0.0,95389399db8fa7a65a1f923b5d29a70641d49ee7accbe025865283ae5151446a,"1-in/1-out; P2TR 96%; value 2,382 sat; 12.8 sat/vB; OneInOneOut 98%"
4,3867,0.008531904048853666,2.0,2.0,1003951.0,13.42152466367713,208.0,0.05559865528833721,0.4939229376777864,P2WPKH,0.6141711921386087,Unlabelled,0.4047064908197569,0.0369795707266615,0.002585983966899405,0.0,6e20bdfdc9cb4568b4df991ab3dd96b4d0ca857e02b51ec75c270a3bf0a32b7f,2-in/2-out; P2WPKH 61%; value 0.010 BTC; 13.4 sat/vB
5,14991,0.03411585821427956,1.0,2.0,647658.0,9.0,141.0,0.1634980988593156,0.5441264758855313,P2WPKH,0.8572476819424988,Unlabelled,0.4149823227269695,0.15722766993529452,0.0012007204322593557,0.0,b008b61f0b09197100fd517680e64f32ae65d5a0a2b770cf8b930b87ce808574,"1-in/2-out; P2WPKH 86%; value 647,658 sat; 9.0 sat/vB"
6,2431,0.006096585602611092,1.0,2.0,2985894.0,45.4031007751938,141.0,0.234882764294529,0.7301522007404361,P2WPKH,0.8547922665569725,RBF,0.48004936240230356,0.23364870423693954,0.0016454134101192926,0.0,ecef3904015137dcd2442ef525178d89c0a2c76832ed677b74cb797c9f482a77,1-in/2-out; P2WPKH 85%; value 0.030 BTC; 45.4 sat/vB
7,8257,0.021621702561471782,1.0,1.0,135273.0,14.090909090909092,113.0,0.36163255419643936,0.5127770376650115,P2WPKH,0.6186266198377135,OneInOneOut,0.6376407896330386,0.36163255419643936,0.0,0.0,260181984e2f6016fb41cfb742d3b2fdb471530401683a39cdee20e975e3fcc6,"1-in/1-out; P2WPKH 62%; value 135,273 sat; 14.1 sat/vB; OneInOneOut 64%"
8,5275,0.010384049571618818,1.0,2.0,1027000.0,8.849557522123893,223.0,0.016872037914691943,0.48834123222748815,P2PKH,0.9990521327014218,Unlabelled,0.4007582938388626,0.0,0.002843601895734597,0.0,de4a7fbbde7fd3607d2bd47902fec91365afa012fde8bec841e04d226ab07e90,1-in/2-out; P2PKH 100%; value 0.010 BTC; 8.8 sat/vB
9,9,3.8899491063271116e-05,1.0,2.0,131330.0,1000.0,131.0,1.0,0.4444444444444444,P2TR,0.6666666666666666,OpReturn,0.7777777777777778,1.0,0.0,0.0,612721266585907885a567f60363efdd0b65ea157471e18b8d21600cf805bfa3,"1-in/2-out; P2TR 67%; value 131,330 sat; 1000.0 sat/vB; OP_RETURN 100%; OpReturn 78%"
10,190301,0.44966726110388744,1.0,2.0,126415.0,1.4083769633507854,141.0,0.4426723979380035,0.6586040010299473,P2WPKH,0.8077256556718041,OpReturn,0.43502136089668475,0.4316267386929128,0.0006253251428000904,0.0,70528b06c8b4c120ae5e1aec8820fa2a45ed872d01d37c43bf02801c22ec6694,"1-in/2-out; P2WPKH 81%; value 126,415 sat; 1.4 sat/vB"
11,320,0.0008629043739898663,1.0,2.0,4849739.0,151.49329004329005,143.0,0.2,0.634375,P2WPKH,0.49375,RBF,0.36875,0.2,0.0,0.0,e26d1c49b2022a7720e7db670506023072d689d65e6b306b5ea434eac1b9c610,1-in/2-out; P2WPKH 49%; value 0.048 BTC; 151.5 sat/vB
12,87651,0.1860194500052644,1.0,2.0,121700.0,1.2807881773399015,208.0,0.42592782740641866,0.696204264640449,P2TR,0.52926948922431,FanOut,0.434952253824828,0.38171840595087336,0.0005932619137260271,0.0,3a3eaf5f198e52b029582b255deb68580350807cde10565a01a8f5cf14dbe32a,"1-in/2-out; P2TR 53%; value 121,700 sat; 1.3 sat/vB"
13,11710,0.022339638148461845,3.0,2.0,802001.0,3.4839081352596963,279.0,0.09444918872758326,0.5201537147736977,P2WPKH,0.6536293766011956,FanIn,0.5888983774551665,0.05345858240819812,0.002134927412467976,0.00025619128949615715,742e1b8af68bdb452716cbdc30b0f44960eb34e513a1bf0aa3a2d59683b9f638,"3-in/2-out; P2WPKH 65%; value 802,001 sat; 3.5 sat/vB; FanIn 59%"
14,6548,0.013835732230114308,1.0,3.0,3221572.5,8.367585920177383,193.0,0.24175320708613318,0.5452046426389737,P2WPKH,0.4934331093463653,FanOut,0.6841783750763591,0.08903481979230299,0.008399511301160659,0.0,fe7c54dd646cd2115ede6acf14c4e100d7e382458cbf485203dfb95cf8496b6a,1-in/3-out; P2WPKH 49%; value 0.032 BTC; 8.4 sat/vB; FanOut 68%
15,888,0.0025136483500206473,1.0,1.0,423033.0,60.481818181818184,111.0,0.35135135135135137,0.5934684684684685,P2WPKH,0.6385135135135135,OneInOneOut,0.6486486486486487,0.34459459459459457,0.0,0.0,c02923076cfe14113c9a6387ef87f94a22fd705616fa067ac33ec82d37692b4b,"1-in/1-out; P2WPKH 64%; value 423,033 sat; 60.5 sat/vB; OneInOneOut 65%"
16,6150,0.011916977025809024,1.0,4.0,13058147.5,6.032258064516129,348.0,0.15365853658536585,0.6196747967479674,P2PKH,0.39739837398373984,SingleInFanOut,0.4323577235772358,0.02959349593495935,0.06341463414634146,0.0,c1631a9a89f104a5b9e460ba5a19176c3b9f817b8eeb78f13a34daa097f881a1,1-in/4-out; P2PKH 40%; value 0.131 BTC; 6.0 sat/vB
17,9977,0.018716887602802147,4.0,2.0,755084.0,3.0,375.0,0.05813370752731282,0.5145835421469379,P2WPKH,0.5315225017540343,FanIn,0.6234338979653202,0.02906685376365641,0.0019043800741705924,0.000701613711536534,f4bb6a181ba45a7d0deb747ba8fd4cb51d981d15a7db66213e1f4125a537a199,"4-in/2-out; P2WPKH 53%; value 755,084 sat; 3.0 sat/vB; FanIn 62%"
18,319,0.0007045943962131184,2.0,2.0,3939546.0,100.56497175141243,212.0,0.09404388714733543,0.5329153605015674,P2WPKH,0.3887147335423197,Unlabelled,0.3166144200626959,0.06896551724137931,0.003134796238244514,0.0,4525e97517de4118fb0a79b5e2530641eec31e78726960cac9d8676891bc90ce,2-in/2-out; P2WPKH 39%; value 0.039 BTC; 100.6 sat/vB
19,209,0.0005917123457593667,1.0,3.0,1170000.0,100.0,206.0,0.4449760765550239,0.7559808612440191,P2TR,0.44976076555023925,FanOut,0.6172248803827751,0.32057416267942584,0.0,0.0,2a8824469bae34c5ea3c45b61e7224e83d016f321133f4ce31ee58fdbbb779d0,1-in/3-out; P2TR 45%; value 0.012 BTC; 100.0 sat/vB; FanOut 62%
20,7359,0.013709350911572564,6.0,2.0,1079850.0,3.0,557.0,0.0467454817230602,0.5359423834760157,P2WPKH,0.476831091180867,FanIn,0.7386873216469629,0.03370023100964805,0.005163745074058975,0.004348416904470716,c126758b0fba51a65c265cab808490f3e81b1e4778507affbe01f5059031ddd4,6-in/2-out; P2WPKH 48%; value 0.011 BTC; 3.0 sat/vB; FanIn 74%
21,3505,0.006899798587346866,1.0,14.0,44677900.0,5.0,557.0,0.048787446504992865,0.3326676176890157,P2WPKH,0.5671897289586305,SingleInFanOut,0.755206847360913,0.04736091298145506,0.1520684736091298,0.0019971469329529245,0019ed8966ff11a79e72ef30236d659db6ee45cfe59131932f3e3f18342716ee,1-in/14-out; P2WPKH 57%; value 0.447 BTC; 5.0 sat/vB; SingleInFanOut 76%
22,53644,0.11147001056736272,1.0,1.0,96000.0,2.6363636363636362,110.0,0.20222205652076652,0.39553351726194913,P2WPKH,0.7108157482663485,OneInOneOut,0.7967153828946387,0.198549698009097,5.592424129445977e-05,0.0,62c033c8927e3314263d4d11937f38e8d5dbce1efe479071d92ccd9e206e3894,"1-in/1-out; P2WPKH 71%; value 96,000 sat; 2.6 sat/vB; OneInOneOut 80%"
23,4072,0.007405410740002586,11.0,2.0,2568028.5,3.005947626696533,974.0,0.030451866404715127,0.5830058939096268,P2WPKH,0.47053045186640474,FanIn,0.8570726915520629,0.014980353634577602,0.009332023575638507,0.01055992141453831,adcf06e0ec605ffab4fbb176725160882aedf191541b70b32d884aa277fc8185,11-in/2-out; P2WPKH 47%; value 0.026 BTC; 3.0 sat/vB; FanIn 86%
24,2306,0.004475225860881749,1.0,26.0,44667148.0,3.151092393898149,1014.0,0.03252385082393756,0.2844752818733738,P2WPKH,0.5737207285342585,SingleInFanOut,0.8026886383347789,0.028620988725065046,0.07545533391153512,0.02168256721595837,256ac5116e941abbe7b55ba0660e1c6b7ae9b012fc6d9ad577fdd27aa318eaac,1-in/26-out; P2WPKH 57%; value 0.447 BTC; 3.2 sat/vB; SingleInFanOut 80%
25,1598,0.0029374264851745905,3.0,2.0,1038106.5,3.0397456279809223,520.0,0.012515644555694618,0.5556946182728411,P2PKH,0.8760951188986232,FanIn,0.8823529411764706,0.009386733416770964,0.03629536921151439,0.0006257822277847309,70284505678feffcf045cd772cf8fcf484ed3ac9493351ec0f82574e64622b1c,3-in/2-out; P2PKH 88%; value 0.010 BTC; 3.0 sat/vB; FanIn 88%
26,2050,0.003646483113366278,24.0,2.0,3907938.5,2.4130249105020267,2168.0,0.025365853658536587,0.5575609756097561,P2WPKH,0.4034146341463415,FanIn,0.7292682926829268,0.016097560975609757,0.020975609756097562,0.02048780487804878,77adc03ee947e3e9ed30fb5891dd92ba020c03f5a759d7e57230e3324e390e3d,24-in/2-out; P2WPKH 40%; value 0.039 BTC; 2.4 sat/vB; FanIn 73%
27,1756,0.002922033830397333,63.0,1.0,13163427.0,2.5,8189.5,0.01879271070615034,0.35364464692482916,P2WPKH,0.332004555808656,FanIn,0.8513667425968109,0.007972665148063782,0.09624145785876993,0.0017084282460136675,9a9cf6bbe06426328436cd74313212394c7fd5492273dcb309494158b5a89bbf,63-in/1-out; P2WPKH 33%; value 0.132 BTC; 2.5 sat/vB; FanIn 85%
28,905,0.0016986613155190026,2.0,50.0,45047689.0,2.005274725274725,2078.0,0.013259668508287293,0.225414364640884,P2WPKH,0.5513812154696133,SingleInFanOut,0.43425414364640885,0.0066298342541436465,0.008839779005524863,0.13370165745856355,3e47a71d30edc7ba005d6bfb3a414310b9b01ef8fc45907488d901241b0b7c20,2-in/50-out; P2WPKH 55%; value 0.450 BTC; 2.0 sat/vB
29,609,0.0011534013667834071,2.0,141.0,65207035.0,2.004022795843111,4891.0,0.014778325123152709,0.1986863711001642,P2WPKH,0.7619047619047619,FanOut,0.4466338259441708,0.014778325123152709,0.0,0.07881773399014778,a25fe9e03f194076b21659babb3d18b4125da4ed973065b49cb333bcf7b38b96,2-in/141-out; P2WPKH 76%; value 0.652 BTC; 2.0 sat/vB
30,1255,0.0012801813260744828,337.0,1.0,10992995.0,1.1755541104427465,33983.0,0.03745019920318725,0.4446215139442231,P2WPKH,0.4063745019920319,FanIn,0.850199203187251,0.036653386454183264,0.11235059760956176,0.024701195219123506,65e40a91ad89274d58ded89d2be8531d98e7a9553edc77d9dbff4e7b75ac7b7b,337-in/1-out; P2WPKH 41%; value 0.110 BTC; 1.2 sat/vB; FanIn 85%
