month,profile,share
2022-07,0,0.0015805601849362937
2022-07,1,0.11887532928337186
2022-07,2,7.526477071125208e-05
2022-07,3,0.0008601688081285952
2022-07,4,0.10551045642707381
2022-07,5,0.10756410945648083
2022-07,6,0.03877210902639643
2022-07,7,0.07345841621418203
2022-07,8,0.09108112467071663
2022-07,10,0.09511316595881941
2022-07,11,0.006322240739745175
2022-07,12,0.059620450513413255
2022-07,13,0.04408365141659051
2022-07,14,0.044545992150959626
2022-07,15,0.008504919090371486
2022-07,16,0.039040911778936614
2022-07,17,0.02893392828342562
2022-07,18,0.0077415192731573575
2022-07,19,0.008580183861082738
2022-07,20,0.0242782646094296
2022-07,21,0.013300360195688404
2022-07,22,0.022547174883070804
2022-07,23,0.013332616525993227
2022-07,24,0.008214612117628084
2022-07,25,0.011096177624858879
2022-07,26,0.007451212300413956
2022-07,27,0.007827536153970216
2022-07,28,0.006913606795333584
2022-07,29,0.0024514811031664963
2022-07,30,0.0023224557819472073
2022-08,0,0.002064586092197324
2022-08,1,0.028893778088276697
2022-08,2,5.2136012429225364e-05
2022-08,3,0.0002293984546885916
2022-08,4,0.05864258678039269
2022-08,5,0.16512517856584258
2022-08,6,0.009238501402458734
2022-08,7,0.04326246311377121
2022-08,8,0.07906947645016318
2022-08,9,1.0427202485845072e-05
2022-08,10,0.17922275632670512
2022-08,11,0.005422145292639438
2022-08,12,0.11308301095898982
2022-08,13,0.04470141705681783
2022-08,14,0.03942525259898022
2022-08,15,0.00579752458212986
2022-08,16,0.03512924517481205
2022-08,17,0.03007205196917719
2022-08,18,0.005661970949813875
2022-08,19,0.007080070487888804
2022-08,20,0.025661345317664723
2022-08,21,0.012408370958155637
2022-08,22,0.049039133290929376
2022-08,23,0.01288802227250451
2022-08,24,0.008623296455793876
2022-08,25,0.010562756118161059
2022-08,26,0.008101936331501622
2022-08,27,0.008466888418506199
2022-08,28,0.006798536020770987
2022-08,29,0.0026380822289188035
2022-08,30,0.0026276550264329583
2022-09,0,0.0014963384301328868
2022-09,1,0.09083071556687444
2022-09,2,4.9547630136850555e-05
2022-09,3,0.0007333049260253883
2022-09,4,0.09786647904630721
2022-09,5,0.15606512540505188
2022-09,6,0.01152477876983144
2022-09,7,0.07228008284363759
2022-09,8,0.08971093912578161
2022-09,10,0.10427794238601568
2022-09,11,0.006342096657516871
2022-09,12,0.0660073528683123
2022-09,13,0.04733780583274702
2022-09,14,0.04724862009850069
2022-09,15,0.0069069396410769675
2022-09,16,0.03628868431222935
2022-09,17,0.03062043542457364
2022-09,18,0.006758296750666416
2022-09,19,0.007224044473952811
2022-09,20,0.026289972550612904
2022-09,21,0.012694102841061112
2022-09,22,0.02328738616431976
2022-09,23,0.012931931465717994
2022-09,24,0.008373549493127744
2022-09,25,0.010315816594492285
2022-09,26,0.007204225421898071
2022-09,27,0.0075114207287465444
2022-09,28,0.007025853953405409
2022-09,29,0.0026161148712257093
2022-09,30,0.0021800957260214244
2022-10,0,0.0024014654197744025
2022-10,1,0.07388450178357012
2022-10,2,2.6293417004829224e-05
2022-10,3,0.0007449801484701613
2022-10,4,0.0792308299078854
2022-10,5,0.15367625792089187
2022-10,6,0.011209760116392192
2022-10,7,0.06157918262531004
2022-10,8,0.08134306774060668
2022-10,10,0.13384225702691568
2022-10,11,0.00544273731999965
2022-10,12,0.08970437434814237
2022-10,13,0.047582320306405954
2022-10,14,0.04269174474350772
2022-10,15,0.006143895106795095
2022-10,16,0.0356275800415436
2022-10,17,0.028169014084507043
2022-10,18,0.006056250383445665
2022-10,19,0.006292891136489127
2022-10,20,0.02733638921268745
2022-10,21,0.010780300971979982
2022-10,22,0.034216499995617766
2022-10,23,0.012436786243284223
2022-10,24,0.007703971182414963
2022-10,25,0.014978483220417714
2022-10,26,0.0076338554037354185
2022-10,27,0.007721500127084849
2022-10,28,0.006363006915168673
2022-10,29,0.002497874615458776
2022-10,30,0.002681928534492581
2022-11,0,0.001025795212366138
2022-11,1,0.17004324257403855
2022-11,2,4.421531087785078e-05
2022-11,3,0.0027501923366023188
2022-11,4,0.12802985417790472
2022-11,5,0.047964769240292526
2022-11,6,0.07826110025379589
2022-11,7,0.0845396743984507
2022-11,8,0.08780276434123609
2022-11,10,0.05151083717269616
2022-11,11,0.006871059310418011
2022-11,12,0.035257288893998213
2022-11,13,0.04387927451517912
2022-11,14,0.0401209730905618
2022-11,15,0.01251293297843177
2022-11,16,0.04188958552567583
2022-11,17,0.027820273604343713
2022-11,18,0.010311010496714802
2022-11,19,0.009382488968279937
2022-11,20,0.024566026723733893
2022-11,21,0.013414925320339928
2022-11,22,0.01576717985904159
2022-11,23,0.013034673646790411
2022-11,24,0.007737679403623887
2022-11,25,0.01414889948091225
2022-11,26,0.008542398061600771
2022-11,27,0.010054561693623268
2022-11,28,0.007490073662707922
2022-11,29,0.002617546403968766
2022-11,30,0.002608703341793196
2022-12,0,0.002170858254665994
2022-12,1,0.12655833393384738
2022-12,2,3.603084240109534e-05
2022-12,3,0.0010719175614325863
2022-12,4,0.10388592635295814
2022-12,5,0.10596670750162139
2022-12,6,0.020123225481011746
2022-12,7,0.07436765871586078
2022-12,8,0.08018663976363767
2022-12,10,0.11013727750954817
2022-12,11,0.007710600273834402
2022-12,12,0.06930532535850688
2022-12,13,0.04413778194134179
2022-12,14,0.038742163291777765
2022-12,15,0.0074403689558261875
2022-12,16,0.03628305829790301
2022-12,17,0.026653815666210275
2022-12,18,0.006287381998991136
2022-12,19,0.007323268718022627
2022-12,20,0.023690278878720186
2022-12,21,0.010935360668732436
2022-12,22,0.03583267276788931
2022-12,23,0.011845139439360093
2022-12,24,0.007503422930028104
2022-12,25,0.013646681559414859
2022-12,26,0.008007854723643439
2022-12,27,0.008539309649059594
2022-12,28,0.006395474526194422
2022-12,29,0.003035598472292282
2022-12,30,0.002179865965266268
2023-01,0,0.0023222690116423087
2023-01,1,0.0708911320287342
2023-01,2,4.644538023284617e-05
2023-01,3,0.0005418627693832053
2023-01,4,0.07920485509041367
2023-01,5,0.1529291553133515
2023-01,6,0.01103851870200644
2023-01,7,0.06027062174882338
2023-01,8,0.06908750309635868
2023-01,10,0.15604873668565766
2023-01,11,0.005689559078523657
2023-01,12,0.10243528610354223
2023-01,13,0.03950179588803567
2023-01,14,0.0327594748575675
2023-01,15,0.005968231359920733
2023-01,16,0.03009660639088432
2023-01,17,0.02402774337379242
2023-01,18,0.005728263562051028
2023-01,19,0.006448166955660144
2023-01,20,0.021883514986376022
2023-01,21,0.009018144661877631
2023-01,22,0.05934171414416646
2023-01,23,0.01098433242506812
2023-01,24,0.006564280406242259
2023-01,25,0.013283378746594006
2023-01,26,0.0067190983403517465
2023-01,27,0.0077718602922962595
2023-01,28,0.004799355957394105
2023-01,29,0.0026164230864503344
2023-01,30,0.0019816695566014365
2023-02,0,0.005790997630955514
2023-02,1,0.17264305547300224
2023-02,2,3.3964795489475156e-05
2023-02,3,0.003956898674523856
2023-02,4,0.10828825921931917
2023-02,5,0.10887415194151262
2023-02,6,0.022331853034329916
2023-02,7,0.08993877845613023
2023-02,8,0.07621700107838225
2023-02,9,8.491198872368789e-06
2023-02,10,0.062384838115293495
2023-02,11,0.006283487165552905
2023-02,12,0.04543640516604539
2023-02,13,0.04181066324754392
2023-02,14,0.04005298508096358
2023-02,15,0.007489237405429273
2023-02,16,0.033344937971792235
2023-02,17,0.024802791906189236
2023-02,18,0.0037021627083527924
2023-02,19,0.0071665718482792585
2023-02,20,0.02251016821064966
2023-02,21,0.010554560198354405
2023-02,22,0.03492430096205283
2023-02,23,0.01332269103074663
2023-02,24,0.006775976700150294
2023-02,25,0.013314199831874263
2023-02,26,0.012337711961551852
2023-02,27,0.012006555205529469
2023-02,28,0.004882439351612054
2023-02,29,0.0026577452470514314
2023-02,30,0.006156119182467373
2023-03,0,0.007990889738662318
2023-03,1,0.17152913924853286
2023-03,2,0.0018052293417706777
2023-03,3,0.0096796526712865
2023-03,4,0.11834281240496665
2023-03,5,0.05355513713919677
2023-03,6,0.09795472044826627
2023-03,7,0.09553480728044464
2023-03,8,0.07569022523309457
2023-03,10,0.034325238917897655
2023-03,11,0.006819755291133671
2023-03,12,0.03246177637155373
2023-03,13,0.041009116731693745
2023-03,14,0.04094441317105681
2023-03,15,0.013542455241311929
2023-03,16,0.033587618326636516
2023-03,17,0.027181965823579273
2023-03,18,0.005551565502649611
2023-03,19,0.008961443148216446
2023-03,20,0.026243764194343613
2023-03,21,0.01122606777050941
2023-03,22,0.020090455577770446
2023-03,23,0.01555473597712082
2023-03,24,0.006586822472840681
2023-03,25,0.013024826756216395
2023-03,26,0.008948502436089058
2023-03,27,0.009330253443847015
2023-03,28,0.004775122775006309
2023-03,29,0.0029893045014267134
2023-03,30,0.00476218206287892
2023-04,0,0.0835789615250989
2023-04,1,0.14808858305221514
2023-04,2,0.037382182523227274
2023-04,3,0.05234962511347462
2023-04,4,0.09540273683974582
2023-04,5,0.054568684366839634
2023-04,6,0.05752743003799298
2023-04,7,0.07788001389713876
2023-04,8,0.06355699507996458
2023-04,9,4.4829479865959855e-05
2023-04,10,0.04205005211427035
2023-04,11,0.005160993869568628
2023-04,12,0.033627713584453135
2023-04,13,0.03687224718975198
2023-04,14,0.03416006365786141
2023-04,15,0.008674504354063231
2023-04,16,0.027004157934257568
2023-04,17,0.03058491263855111
2023-04,18,0.0035023031145281136
2023-04,19,0.0062537124413014
2023-04,20,0.018155939345713742
2023-04,21,0.011420309995853273
2023-04,22,0.018497764129691684
2023-04,23,0.00920125074248826
2023-04,24,0.009487038676633754
2023-04,25,0.010803904647696325
2023-04,26,0.008198191130487408
2023-04,27,0.0068645141044751026
2023-04,28,0.003743261568807648
2023-04,29,0.003042800945902025
2023-04,30,0.0023143218980801773
2023-05,0,1.1025317804785723e-05
2023-05,1,0.018750390480005586
2023-05,2,0.178852705429234
2023-05,3,0.14425893326375133
2023-05,4,0.055541875994575544
2023-05,5,0.00044836292406128604
2023-05,6,0.12636116736064917
2023-05,7,0.01213887490306908
2023-05,8,0.015137761345970798
2023-05,9,0.08661122156846171
2023-05,10,0.0002021308264210716
2023-05,11,0.0783532585326772
2023-05,12,0.00023153167390050017
2023-05,13,0.015942609545720157
2023-05,14,0.010893013991128294
2023-05,15,0.042932587531835605
2023-05,16,0.015472195986049297
2023-05,17,0.014865803506786084
2023-05,18,0.06274508362703556
2023-05,19,0.03757795818464467
2023-05,20,0.011569233483155151
2023-05,21,0.029871261039099452
2023-05,22,3.307595341435717e-05
2023-05,23,0.007265684433353792
2023-05,24,0.015409719185155511
2023-05,25,0.005012844495242575
2023-05,26,0.005314203181906719
2023-05,27,0.00327451938802136
2023-05,28,0.0018743040268135729
2023-05,29,0.002289590997460502
2023-05,30,0.0007570718225952863
2023-06,0,0.02816224803325628
2023-06,1,0.08588034968560639
2023-06,2,0.019082408226553656
2023-06,3,0.22903170571616108
2023-06,4,0.0984180436250868
2023-06,5,0.028918504989393377
2023-06,6,0.12625210467737794
2023-06,7,0.056067654081409395
2023-06,8,0.04042883098846114
2023-06,9,0.00039953197682714533
2023-06,10,0.0003281869809651551
2023-06,11,0.01083968303796505
2023-06,12,0.004409120744270997
2023-06,13,0.03132520951647118
2023-06,14,0.034321699342674775
2023-06,15,0.027358427746544525
2023-06,16,0.023448721973307458
2023-06,17,0.027615269731647688
2023-06,18,0.015990791739200746
2023-06,19,0.015381981107845095
2023-06,20,0.023467747305537322
2023-06,21,0.021959989726320597
2023-06,22,0.002092786545285047
2023-06,23,0.009821827763667324
2023-06,24,0.011405686671803507
2023-06,25,0.008276019519990867
2023-06,26,0.005840776994568268
2023-06,27,0.006658866280452423
2023-06,28,0.002420973526250202
2023-06,29,0.0026492775130085707
2023-06,30,0.001745574232090028
2023-07,0,0.4420870360947749
2023-07,1,0.056778962398482215
2023-07,2,0.0008164810848548676
2023-07,3,0.017800865391062886
2023-07,4,0.05759544348333708
2023-07,5,0.09951602787868748
2023-07,6,0.016203402398955534
2023-07,7,0.04772272775680697
2023-07,8,0.03710452930062676
2023-07,9,5.916529600397591e-05
2023-07,10,0.018715955302591045
2023-07,11,0.0026190504364426667
2023-07,12,0.028632058912857406
2023-07,13,0.028064072071219238
2023-07,14,0.02695176450634449
2023-07,15,0.005971750543334635
2023-07,16,0.018396462704169576
2023-07,17,0.015722191324789865
2023-07,18,0.0022048933644148354
2023-07,19,0.003021374449269703
2023-07,20,0.013939343738536725
2023-07,21,0.011505677896239849
2023-07,22,0.010858803993263045
2023-07,23,0.006780342922055639
2023-07,24,0.009367838533962851
2023-07,25,0.006591013974842916
2023-07,26,0.004827888153924434
2023-07,27,0.0042835674306878554
2023-07,28,0.0017197379371822331
2023-07,29,0.002875433385793229
2023-07,30,0.0012661373344850845
2023-08,0,0.4570233963560556
2023-08,1,0.05938294209274998
2023-08,2,0.00015225394396274072
2023-08,3,0.019550967983728348
2023-08,4,0.05422192378714118
2023-08,5,0.11156700539915909
2023-08,6,0.012242778673516792
2023-08,7,0.050634196235814034
2023-08,8,0.03880133202681231
2023-08,9,3.903947281095916e-06
2023-08,10,0.003107542035752349
2023-08,11,0.0029591920390707044
2023-08,12,0.0322114690163224
2023-08,13,0.02516874812122537
2023-08,14,0.027515020437164018
2023-08,15,0.004188935432615918
2023-08,16,0.017274966718849427
2023-08,17,0.01321095759922858
2023-08,18,0.0018348552221150805
2023-08,19,0.002935768355384129
2023-08,20,0.01291425760586529
2023-08,21,0.008092882713711834
2023-08,22,0.010837357652322263
2023-08,23,0.00587934460533045
2023-08,24,0.005820785396114011
2023-08,25,0.007960148506154573
2023-08,26,0.004419268322200577
2023-08,27,0.004106952539712903
2023-08,28,0.001905126273174807
2023-08,29,0.002510238101744674
2023-08,30,0.0015654828597194623
2023-09,0,0.0321330201065127
2023-09,1,0.10426089768313444
2023-09,2,0.00878905108635944
2023-09,3,0.39492681634545335
2023-09,4,0.07019163715555764
2023-09,5,0.021247998503991304
2023-09,6,0.06095456263172863
2023-09,7,0.11208767234292882
2023-09,8,0.03810536732078088
2023-09,9,5.064612771395067e-05
2023-09,10,0.0026452862090594236
2023-09,11,0.0034166656927026723
2023-09,12,0.003268623165538816
2023-09,13,0.022221962498490355
2023-09,14,0.024251703463026377
2023-09,15,0.008278693953241937
2023-09,16,0.01728980883034716
2023-09,17,0.014399083694673975
2023-09,18,0.002832287296003241
2023-09,19,0.003993252377446111
2023-09,20,0.012490114265455834
2023-09,21,0.008333235936933884
2023-09,22,0.001402508152078634
2023-09,23,0.0056022408963585435
2023-09,24,0.006615163450637557
2023-09,25,0.005773658559390376
2023-09,26,0.0047763194290233475
2023-09,27,0.0040166275133140875
2023-09,28,0.0017726144699882734
2023-09,29,0.0023180343069077423
2023-09,30,0.001554446535220486
2023-10,0,0.1307706465722576
2023-10,1,0.12397687410679485
2023-10,2,0.0020679052444675414
2023-10,3,0.04215928283746914
2023-10,4,0.08866549737993157
2023-10,5,0.08271079641418734
2023-10,6,0.05042007708631068
2023-10,7,0.08282447706898792
2023-10,8,0.053722229440041576
2023-10,9,1.0826729028625872e-05
2023-10,10,0.04917500324801871
2023-10,11,0.005099389372482785
2023-10,12,0.036334502620068425
2023-10,13,0.03957710796414187
2023-10,14,0.04120111731843575
2023-10,15,0.009668269022562903
2023-10,16,0.02510177125286908
2023-10,17,0.024446754146637217
2023-10,18,0.0032263652505305097
2023-10,19,0.005148109653111602
2023-10,20,0.022091940582911092
2023-10,21,0.013089515395608679
2023-10,22,0.018004850374604826
2023-10,23,0.010799662206054307
2023-10,24,0.009300160235589624
2023-10,25,0.0056244857303711406
2023-10,26,0.007421722749123035
2023-10,27,0.007427136113637348
2023-10,28,0.003107271231215625
2023-10,29,0.003188471698930319
2023-10,30,0.003637780953618293
2023-11,0,0.005348613875868912
2023-11,1,0.009205848496219084
2023-11,2,0.36546741543021044
2023-11,3,0.035554608648091734
2023-11,4,0.027382231917424015
2023-11,5,0.0029255200747915567
2023-11,6,0.11533226912240757
2023-11,7,0.014990110470181955
2023-11,8,0.013495551301538442
2023-11,9,0.08111640389984545
2023-11,10,0.0006773214955767408
2023-11,11,0.06224043959119037
2023-11,12,0.0008967355011861075
2023-11,13,0.011358649681690695
2023-11,14,0.00816601690441817
2023-11,15,0.0664379249158913
2023-11,16,0.012967685722826052
2023-11,17,0.013756304177769864
2023-11,18,0.04746974312661778
2023-11,19,0.03148113993525697
2023-11,20,0.012592455974102787
2023-11,21,0.0289880880454346
2023-11,22,0.0006614219299528736
2023-11,23,0.00649656251391212
2023-11,24,0.01077036575360761
2023-11,25,0.0026520475460610417
2023-11,26,0.0034247664353809853
2023-11,27,0.0021400815329725193
2023-11,28,0.0026584073723105884
2023-11,29,0.0026297881541876276
2023-11,30,0.000715480453074022
2023-12,0,2.9092517113673193e-06
2023-12,1,0.001058967622937704
2023-12,2,0.1850458643532297
2023-12,3,0.01115698031309367
2023-12,4,0.009268875952416279
2023-12,5,9.600530647512154e-05
2023-12,6,0.06382316404397625
2023-12,7,0.0031128993311630316
2023-12,8,0.0043027832811122655
2023-12,9,0.22351489973263977
2023-12,10,0.00012509782358879472
2023-12,11,0.15883641568552154
2023-12,12,0.0001803736061047738
2023-12,13,0.004654802738187711
2023-12,14,0.0027783353843557896
2023-12,15,0.06273510390392487
2023-12,16,0.009920548335762558
2023-12,17,0.022014307699916504
2023-12,18,0.06951075113969936
2023-12,19,0.08313768615574388
2023-12,20,0.013187638007628058
2023-12,21,0.040421143277737534
2023-12,22,2.0364761979571234e-05
2023-12,23,0.007980077444280557
2023-12,24,0.010324934323642615
2023-12,25,0.0020364761979571235
2023-12,26,0.003165265861967643
2023-12,27,0.0016786382374589432
2023-12,28,0.0030954438208948276
2023-12,29,0.002205212797216428
2023-12,30,0.0006080336076757697
2024-01,0,1.0147202078146986e-05
2024-01,1,0.008631886567810368
2024-01,2,0.21808366706353502
2024-01,3,0.13589809503192987
2024-01,4,0.0632339809503193
2024-01,5,1.6912003463578308e-05
2024-01,6,0.15843841324818703
2024-01,7,0.02516844355449724
2024-01,8,0.01435490853988527
2024-01,9,0.04270280874553523
2024-01,10,0.00010485442147418552
2024-01,11,0.059712901829202296
2024-01,12,0.00025368005195367465
2024-01,13,0.011361483926831908
2024-01,14,0.013512690767399069
2024-01,15,0.05331678211927698
2024-01,16,0.018647175018941444
2024-01,17,0.019394685572031604
2024-01,18,0.0388299599523758
2024-01,19,0.033492531659270484
2024-01,20,0.015914195259227187
2024-01,21,0.03083058231410326
2024-01,22,2.029440415629397e-05
2024-01,23,0.00963645957354692
2024-01,24,0.00870968178374283
2024-01,25,0.0025570949236930402
2024-01,26,0.005990231626799437
2024-01,27,0.003774759173070679
2024-01,28,0.003652992748132915
2024-01,29,0.0025165061153804525
2024-01,30,0.0012311938521485009
2024-02,0,0.00857565629299056
2024-02,1,0.12127415153477773
2024-02,2,0.05138302549532216
2024-02,3,0.149416864827045
2024-02,4,0.10584837067257917
2024-02,5,0.030898836566144595
2024-02,6,0.09968373130870944
2024-02,7,0.06301263656519909
2024-02,8,0.034056795994875405
2024-02,9,0.013359870277834245
2024-02,10,0.00031674143970803056
2024-02,11,0.01622945317190551
2024-02,12,0.0063301013099858645
2024-02,13,0.033555682672352254
2024-02,14,0.048333798202610516
2024-02,15,0.023126852582860978
2024-02,16,0.026767015397415956
2024-02,17,0.030364630854398215
2024-02,18,0.014248637302686629
2024-02,19,0.011393236861139607
2024-02,20,0.025022573736934416
2024-02,21,0.033068751802353344
2024-02,22,0.0014182452524240175
2024-02,23,0.012055084645604149
2024-02,24,0.009024767289591498
2024-02,25,0.00428782814649528
2024-02,26,0.007072316325421101
2024-02,27,0.008301462210855249
2024-02,28,0.005365694538337533
2024-02,29,0.004032544001058957
2024-02,30,0.0021746427203834934
2024-03,0,0.024826720327468483
2024-03,1,0.10704642003336601
2024-03,2,0.026593915002665842
2024-03,3,0.10685293156527871
2024-03,4,0.11374112102918665
2024-03,5,0.051136852243606284
2024-03,6,0.11778717988407891
2024-03,7,0.07529281254837211
2024-03,8,0.03479352630583217
2024-03,9,0.0004041759111156975
2024-03,10,0.00048157129835061833
2024-03,11,0.0072192697315240015
2024-03,12,0.00972602032918838
2024-03,13,0.040284299055776275
2024-03,14,0.049004179350910684
2024-03,15,0.02380338131847342
2024-03,16,0.03055397898285262
2024-03,17,0.02819341967218754
2024-03,18,0.011961887071530538
2024-03,19,0.009459436217601432
2024-03,20,0.03102265104999742
2024-03,21,0.04052078496121631
2024-03,22,0.002093975199078135
2024-03,23,0.01485561460536952
2024-03,24,0.011471716285709371
2024-03,25,0.004725418365065442
2024-03,26,0.009476635192542524
2024-03,27,0.005959444817088901
2024-03,28,0.0050478991452109455
2024-03,29,0.003620384225100184
2024-03,30,0.0020423782742548546
2024-04,0,0.02943128322468702
2024-04,1,0.05578636655859642
2024-04,2,0.055693043640561594
2024-04,3,0.03480599202261871
2024-04,4,0.05573106408864986
2024-04,5,0.036202379388769454
2024-04,6,0.09291160591459915
2024-04,7,0.058544577247181304
2024-04,8,0.015218548448420077
2024-04,9,0.027267574088027706
2024-04,10,0.0020980374535977714
2024-04,11,0.1516531982109651
2024-04,12,0.008488929136797572
2024-04,13,0.021823737202662813
2024-04,14,0.030132933312134052
2024-04,15,0.09446353147747462
2024-04,16,0.025473700219136038
2024-04,17,0.02297817626279734
2024-04,18,0.046658002613041705
2024-04,19,0.035981169508983196
2024-04,20,0.019072439322821256
2024-04,21,0.039022805356044216
2024-04,22,0.002274314076552444
2024-04,23,0.008357585770674483
2024-04,24,0.010037398295301364
2024-04,25,0.0023192473333840274
2024-04,26,0.00679183459031239
2024-04,27,0.0034183839235719863
2024-04,28,0.004095839180417395
2024-04,29,0.0021879039672609377
2024-04,30,0.0010783981639579977
2024-05,0,0.0030952518396956427
2024-05,1,0.08525137238408612
2024-05,2,0.0009758564858720721
2024-05,3,0.015066674363562894
2024-05,4,0.047715258821880074
2024-05,5,0.2681763578836834
2024-05,6,0.0337481410621167
2024-05,7,0.3098660465167421
2024-05,8,0.01751593669852632
2024-05,9,0.00039034259434882884
2024-05,10,0.0009703587028530745
2024-05,11,0.009340733349276905
2024-05,12,0.005341096202956158
2024-05,13,0.018120692830616052
2024-05,14,0.030798580472424494
2024-05,15,0.017661627948529754
2024-05,16,0.022183554481655272
2024-05,17,0.01347781507107259
2024-05,18,0.003290423136870057
2024-05,19,0.002556469103833879
2024-05,20,0.011108270589884629
2024-05,21,0.013807682052212446
2024-05,22,0.04890277995398356
2024-05,23,0.004868286863322365
2024-05,24,0.00362578790102891
2024-05,25,0.0021991132075990356
2024-05,26,0.003532325589705951
2024-05,27,0.002625191391571349
2024-05,28,0.0015036436556958408
2024-05,29,0.0014898991981483467
2024-05,30,0.0007944296462451516
2024-06,0,0.002767877673028282
2024-06,1,0.11865371349735572
2024-06,2,0.006817659232007358
2024-06,3,0.020085077029202116
2024-06,4,0.04841917682225799
2024-06,5,0.16443722694872384
2024-06,6,0.07392791446309496
2024-06,7,0.3269774660841573
2024-06,8,0.015995056334789606
2024-06,9,0.00014658542193607727
2024-06,10,0.0007156817659232008
2024-06,11,0.00986433662911014
2024-06,12,0.007300528857208554
2024-06,13,0.01547769602207404
2024-06,14,0.027345366750977235
2024-06,15,0.031748677856978616
2024-06,16,0.023838813520349507
2024-06,17,0.01343124856288802
2024-06,18,0.006093354794205565
2024-06,19,0.005302943205334559
2024-06,20,0.010557024603357093
2024-06,21,0.015285123016785468
2024-06,22,0.036554380317314325
2024-06,23,0.004851690043688205
2024-06,24,0.0029058404230857668
2024-06,25,0.0019056104851690044
2024-06,26,0.0025005748447919063
2024-06,27,0.0021269257300528858
2024-06,28,0.0016210623131754425
2024-06,29,0.0013307656932628191
2024-06,30,0.0010146010577144172
2024-07,0,0.02849471611808584
2024-07,1,0.011204345181104828
2024-07,2,7.187208821785456e-05
2024-07,3,0.0021304940436006887
2024-07,4,0.014977629812542193
2024-07,5,0.1345111799600083
2024-07,6,0.004438101447452519
2024-07,7,0.058924844897466765
2024-07,8,0.0161096152019734
2024-07,9,2.566860293494806e-06
2024-07,10,0.3616090107063743
2024-07,11,0.0010960493453222823
2024-07,12,0.03937820376250382
2024-07,13,0.01990086785546523
2024-07,14,0.01943626614234267
2024-07,15,0.002007284749512938
2024-07,16,0.014667039717029321
2024-07,17,0.013250132835020188
2024-07,18,0.0008188284336248431
2024-07,19,0.0004620348528290651
2024-07,20,0.010364981865132027
2024-07,21,0.009317702865386145
2024-07,22,0.21837563946907063
2024-07,23,0.004833397932650719
2024-07,24,0.00277734283756138
2024-07,25,0.0020560550950893394
2024-07,26,0.0025078225067444253
2024-07,27,0.0025514591317338372
2024-07,28,0.001283430146747403
2024-07,29,0.0014990464114009667
2024-07,30,0.0009420377277125938
2024-08,0,0.04754219349397004
2024-08,1,0.0032495005447374043
2024-08,2,2.16272914791175e-05
2024-08,3,0.0009921519966045152
2024-08,4,0.0061286337228949215
2024-08,5,0.03293025468839128
2024-08,6,0.003319789242044536
2024-08,7,0.011919341016428631
2024-08,8,0.014309156724871114
2024-08,9,2.4330702914007185e-05
2024-08,10,0.5633179509222688
2024-08,11,0.00138414665466352
2024-08,12,0.05463324168768569
2024-08,13,0.019159076839063215
2024-08,14,0.011794984090423706
2024-08,15,0.001608529803759364
2024-08,16,0.01185175573055639
2024-08,17,0.015101256275293793
2024-08,18,0.0008326507219460237
2024-08,19,0.0018248027185505389
2024-08,20,0.01168144081015834
2024-08,21,0.00718026077106701
2024-08,22,0.15976620897911073
2024-08,23,0.004833699645582761
2024-08,24,0.0032359834875629557
2024-08,25,0.001927532353076347
2024-08,26,0.003044041275685788
2024-08,27,0.0025682408631452027
2024-08,28,0.0012246453800050284
2024-08,29,0.001589605923715136
2024-08,30,0.001002965642344074
2024-09,0,0.031456167829512556
2024-09,1,0.0023612890977265178
2024-09,3,0.0009136646257534767
2024-09,4,0.004686980872371731
2024-09,5,0.025226636290284304
2024-09,6,0.0027647254259812997
2024-09,7,0.0058972898571360765
2024-09,8,0.012162418719445631
2024-09,10,0.6166405619630737
2024-09,11,0.0005695571693008686
2024-09,12,0.04607480184156818
2024-09,13,0.01646969481228345
2024-09,14,0.00851962599079216
2024-09,15,0.0010323223693578243
2024-09,16,0.009314632872941288
2024-09,17,0.01298115715031563
2024-09,18,0.0005339598462195643
2024-09,19,0.0003085101333713038
2024-09,20,0.011070767478285634
2024-09,21,0.006490578575157815
2024-09,22,0.1668090559589919
2024-09,23,0.003844510892780863
2024-09,24,0.00299017513882956
2024-09,25,0.00174426883098391
2024-09,26,0.0029189804926669513
2024-09,27,0.0026816650054582564
2024-09,28,0.0010560539180786937
2024-09,29,0.001388295600170867
2024-09,30,0.0010916512411599981
2024-10,0,0.01931279403424524
2024-10,1,0.03755831894626981
2024-10,2,0.00042935444491082445
2024-10,3,0.005552479259762644
2024-10,4,0.019450280667893755
2024-10,5,0.1174645600529673
2024-10,6,0.042218882798761806
2024-10,7,0.15156503190592885
2024-10,8,0.016318090473778357
2024-10,9,0.0004940197683641508
2024-10,10,0.24642585727431002
2024-10,11,0.00676043915328041
2024-10,12,0.02740324159693055
2024-10,13,0.020480265279294484
2024-10,14,0.01793268456342605
2024-10,15,0.024068316875231754
2024-10,16,0.015843878101787296
2024-10,17,0.013852943481050874
2024-10,18,0.002908191843955001
2024-10,19,0.004399572276752437
2024-10,20,0.013319600205181324
2024-10,21,0.00866457077226417
2024-10,22,0.166415336051413
2024-10,23,0.006594697851276163
2024-10,24,0.00436549190358109
2024-10,25,0.001362923641613126
2024-10,26,0.0024599038583934278
2024-10,27,0.0029049877063064126
2024-10,28,0.0013903044542465165
2024-10,29,0.0014835157312963563
2024-10,30,0.0005994650255267821
2024-11,0,0.0876511658327052
2024-11,1,0.03643383027213521
2024-11,2,0.0006936491992979491
2024-11,3,0.009533834268046406
2024-11,4,0.026820077780240596
2024-11,5,0.09892783213621072
2024-11,6,0.012329605979249265
2024-11,7,0.09178403090444547
2024-11,8,0.019697792993357565
2024-11,9,0.0001977463743936546
2024-11,10,0.23921880960780986
2024-11,11,0.002383202418858242
2024-11,12,0.07637620718355542
2024-11,13,0.026319051992269107
2024-11,14,0.025528408025565632
2024-11,15,0.0029583404058684567
2024-11,16,0.017276339116930946
2024-11,17,0.01860216195872053
2024-11,18,0.0016741843303587133
2024-11,19,0.0028398291935807225
2024-11,20,0.01326710822054561
2024-11,21,0.011992173478556812
2024-11,22,0.15602564623617612
2024-11,23,0.007477135362003939
2024-11,24,0.0035894894557466496
2024-11,25,0.002279035503158648
2024-11,26,0.0032377126584660553
2024-11,27,0.0018705645812677832
2024-11,28,0.00121960674086311
2024-11,29,0.000768785990950115
2024-11,30,0.0010266417986655022
2024-12,0,0.07377413156333133
2024-12,1,0.02318588732559382
2024-12,2,0.00044047327847615027
2024-12,3,0.028601249155386897
2024-12,4,0.042236692005432355
2024-12,5,0.14555562462017566
2024-12,6,0.015661619931035747
2024-12,7,0.06234329101063352
2024-12,8,0.03142966893849517
2024-12,10,0.14932625475632885
2024-12,11,0.0012905643468854515
2024-12,12,0.12975895602914012
2024-12,13,0.03560186760670074
2024-12,14,0.04095328255444093
2024-12,15,0.006288706309857971
2024-12,16,0.02534800742857066
2024-12,17,0.023410819365262354
2024-12,18,0.0014028067762230287
2024-12,19,0.0009149323124489375
2024-12,20,0.0191111741139444
2024-12,21,0.017456157257456854
2024-12,22,0.08919382657695023
2024-12,23,0.011023458667731552
2024-12,24,0.005911732732441327
2024-12,25,0.004650235150125367
2024-12,26,0.0037133909690009663
2024-12,27,0.005086683799661126
2024-12,28,0.002821264887214246
2024-12,29,0.001592411517414793
2024-12,30,0.0019148290136394674
2025-01,0,0.17346628044459397
2025-01,1,0.004691808696011775
2025-01,3,0.003626941057273525
2025-01,4,0.009118105381482017
2025-01,5,0.06956884608950151
2025-01,6,0.002889616553663502
2025-01,7,0.01747632948677703
2025-01,8,0.02382089170681459
2025-01,10,0.22109443580812455
2025-01,11,0.0009102597600335343
2025-01,12,0.18283814951756702
2025-01,13,0.035096928331494325
2025-01,14,0.01988285516108355
2025-01,15,0.0025559642926290104
2025-01,16,0.02181004941812925
2025-01,17,0.023975029652757284
2025-01,18,0.000938455725754759
2025-01,19,0.00032190394198398095
2025-01,20,0.020435026156457533
2025-01,21,0.010543411448689921
2025-01,22,0.11587930998832686
2025-01,23,0.009244987227227526
2025-01,24,0.007565917468528602
2025-01,25,0.0037923573895047094
2025-01,26,0.004085595433005446
2025-01,27,0.005418324746095328
2025-01,28,0.0033308834172006666
2025-01,29,0.003425809835128789
2025-01,30,0.002195525864159356
2025-02,0,0.2019103865893254
2025-02,1,0.005421777349548821
2025-02,3,0.013531254862544142
2025-02,4,0.016954919366827945
2025-02,5,0.03831738960643245
2025-02,6,0.005312986389860856
2025-02,7,0.012165083129729536
2025-02,8,0.021546678039872973
2025-02,10,0.23950004702716784
2025-02,11,0.0008317523969769118
2025-02,12,0.21395497614617348
2025-02,13,0.027157430920991328
2025-02,14,0.014899593745950138
2025-02,15,0.0012027685782235174
2025-02,16,0.01684352782643031
2025-02,17,0.02456161794261992
2025-02,18,0.0008898320328262634
2025-02,19,0.0005309518948914627
2025-02,20,0.015826700768948373
2025-02,21,0.008810767444370328
2025-02,22,0.08854847287399277
2025-02,23,0.0074034198503192435
2025-02,24,0.007310232374889313
2025-02,25,0.0030669515169403994
2025-02,26,0.0042636520735080145
2025-02,27,0.0023062816593612022
2025-02,28,0.0032476918762626363
2025-02,29,0.0021901223876624985
2025-02,30,0.001492733327351998
2025-03,0,0.10002891050270457
2025-03,1,0.006673706159746959
2025-03,2,5.715420633525799e-06
2025-03,3,0.0018322685980978126
2025-03,4,0.011588491619526353
2025-03,5,0.02594800967620713
2025-03,6,0.009315183062541466
2025-03,7,0.009224212617457848
2025-03,8,0.016694267385476066
2025-03,10,0.25044877959099493
2025-03,11,0.000797301178376849
2025-03,12,0.321680066946627
2025-03,13,0.032280219453100924
2025-03,14,0.015631675432693063
2025-03,15,0.0020770791152338345
2025-03,16,0.017031000917801298
2025-03,17,0.022641638839712458
2025-03,18,0.0007187141446658694
2025-03,19,0.0004896210342720435
2025-03,20,0.014152810343768262
2025-03,21,0.008859378267017784
2025-03,22,0.10270277478908907
2025-03,23,0.006491765269579721
2025-03,24,0.00623076106064871
2025-03,25,0.0037078791359998627
2025-03,26,0.003094423988001427
2025-03,27,0.005025283592027559
2025-03,28,0.0016069857681263375
2025-03,29,0.0018808496734827819
2025-03,30,0.0011402264163883971
2025-04,0,0.10042615476339492
2025-04,1,0.00601702089427515
2025-04,3,0.0002961407065245598
2025-04,4,0.00983501168207485
2025-04,5,0.02405238244980328
2025-04,6,0.0033364895506817122
2025-04,7,0.010331341761640314
2025-04,8,0.013617238791030642
2025-04,10,0.3233180494489558
2025-04,11,0.0007135290071784681
2025-04,12,0.2703210749689576
2025-04,13,0.02796458000138693
2025-04,14,0.013995810415866164
2025-04,15,0.0020729849456719187
2025-04,16,0.015069156923608345
2025-04,17,0.032769997239218446
2025-04,18,0.0005238070523357826
2025-04,19,0.0005643682978538739
2025-04,20,0.015169033538916334
2025-04,21,0.008170256046133402
2025-04,22,0.09314780997623459
2025-04,23,0.007921654863925744
2025-04,24,0.00648412943137059
2025-04,25,0.0024681299826546156
2025-04,26,0.004110206212499929
2025-04,27,0.0024977876675495642
2025-04,28,0.0018352873240874044
2025-04,29,0.0018008320725182733
2025-04,30,0.001169733983650765
2025-05,0,0.05042681416821401
2025-05,1,0.00715321165303987
2025-05,2,0.000693004084613058
2025-05,3,0.0004644497713967458
2025-05,4,0.009942846739405993
2025-05,5,0.03003702873519903
2025-05,6,0.011196224889613651
2025-05,7,0.009833708384272723
2025-05,8,0.015467303029739466
2025-05,10,0.4044564665209531
2025-05,11,0.0005075178218529246
2025-05,12,0.19260276868835274
2025-05,13,0.027655561308838054
2025-05,14,0.02315690767482447
2025-05,15,0.002508713939072412
2025-05,16,0.019743275266508032
2025-05,17,0.020045241029365557
2025-05,18,0.0012254817993439951
2025-05,19,0.0008970879146156323
2025-05,20,0.0157536076833402
2025-05,21,0.008246063433365406
2025-05,22,0.11283633455653122
2025-05,23,0.008457488408332102
2025-05,24,0.007076374335748733
2025-05,25,0.0029012204898207685
2025-05,26,0.005050218325651233
2025-05,27,0.005570950208439575
2025-05,28,0.0017393619468324916
2025-05,29,0.0017457242724680637
2025-05,30,0.0026090429202487372
2025-06,0,0.05114563225663688
2025-06,1,0.0036027591716062436
2025-06,4,0.00595207928880129
2025-06,5,0.032760019609446855
2025-06,6,0.0010803259744384737
2025-06,7,0.01090963647758537
2025-06,8,0.015054816633106146
2025-06,10,0.3803500095588527
2025-06,11,0.0001992054862294817
2025-06,12,0.2196052319288761
2025-06,13,0.03413037271497007
2025-06,14,0.03087986102783006
2025-06,15,0.0011003970561744418
2025-06,16,0.015612290928322654
2025-06,17,0.02313593591705023
2025-06,18,0.0006869327724135024
2025-06,19,0.00040443229697975376
2025-06,20,0.018909969657542186
2025-06,21,0.007508591677425603
2025-06,22,0.10995038930371911
2025-06,23,0.011474135651409466
2025-06,24,0.004916411471225345
2025-06,25,0.004225966259508048
2025-06,26,0.005468867996007862
2025-06,27,0.005482917753223039
2025-06,28,0.001336232266572065
2025-06,29,0.0016789459872137173
2025-06,30,0.002437632876833305
2025-07,0,0.049686855241689525
2025-07,1,0.003679924468964977
2025-07,2,7.406672731057328e-05
2025-07,3,0.0025076269573941793
2025-07,4,0.009395832597277495
2025-07,5,0.02122990780395133
2025-07,6,0.0030835596128608784
2025-07,7,0.0096857144438206
2025-07,8,0.01198689104060772
2025-07,10,0.30324365441827184
2025-07,11,0.0006657492041019346
2025-07,12,0.3333598668161055
2025-07,13,0.026185993471060556
2025-07,14,0.019423360730927923
2025-07,15,0.0010748188876965375
2025-07,16,0.011524186830339945
2025-07,17,0.023228432428796974
2025-07,18,0.0007010798843707712
2025-07,19,0.00022347719447155732
2025-07,20,0.01622955236879441
2025-07,21,0.010354869014695435
2025-07,22,0.1112082113608995
2025-07,23,0.010199073484835262
2025-07,24,0.006089647131638283
2025-07,25,0.0033593943214657723
2025-07,26,0.004217546748236552
2025-07,27,0.0030026821520045053
2025-07,28,0.0019095594179036304
2025-07,29,0.0010113939315512766
2025-07,30,0.0014570713079545535
2025-08,0,0.02258684686555135
2025-08,1,0.003287997521638661
2025-08,3,0.0003461695339748845
2025-08,4,0.005614322182069644
2025-08,5,0.0250431383640036
2025-08,6,0.00413032976428593
2025-08,7,0.011099086226866514
2025-08,8,0.008436809551173012
2025-08,10,0.3955136101436256
2025-08,11,0.0008721673972873714
2025-08,12,0.29979875575144127
2025-08,13,0.022210842176936363
2025-08,14,0.01539943550252618
2025-08,15,0.0007180872151049258
2025-08,16,0.011924253038077013
2025-08,17,0.01859384055275959
2025-08,18,0.000861541177826513
2025-08,19,0.00014386266347008188
2025-08,20,0.017084917389317705
2025-08,21,0.0059727527384993645
2025-08,22,0.100464774491188
2025-08,23,0.007367239692362772
2025-08,24,0.004594205113827246
2025-08,25,0.0031433174566715904
2025-08,26,0.006853911552253617
2025-08,27,0.002607919476143729
2025-08,28,0.0020831477150767253
2025-08,29,0.0009588119559682161
2025-08,30,0.0022879067900724954
2025-09,0,0.025933222717806702
2025-09,1,0.0018464302773695885
2025-09,2,8.903734934351377e-05
2025-09,3,0.005064911511835946
2025-09,4,0.0047846628057055425
2025-09,5,0.015758881019463055
2025-09,6,0.0026941096319801723
2025-09,7,0.006647513905699959
2025-09,8,0.0056597101980241735
2025-09,10,0.5734038139367535
2025-09,11,0.00026565241935277875
2025-09,12,0.15264942674908216
2025-09,13,0.019522168657904272
2025-09,14,0.008936211672431593
2025-09,15,0.00028462759216369153
2025-09,16,0.007983439053022106
2025-09,17,0.015523150988004407
2025-09,18,0.0001404892602346426
2025-09,19,4.853265353560382e-05
2025-09,20,0.016351125355465197
2025-09,21,0.005126215916301973
2025-09,22,0.10663901156865199
2025-09,23,0.007302887182015332
2025-09,24,0.0024682320940964224
2025-09,25,0.00401835774988022
2025-09,26,0.0040063158132886785
2025-09,27,0.0032316178925662206
2025-09,28,0.0011363209256381225
2025-09,29,0.000919566066990388
2025-09,30,0.0015643570353919814
2025-10,0,0.020001114489961627
2025-10,1,0.001604865544746772
2025-10,3,4.577369485264851e-05
2025-10,4,0.004693992899106816
2025-10,5,0.022189097103918226
2025-10,6,0.0010878218089764205
2025-10,7,0.004802257638236558
2025-10,8,0.00807726599691127
2025-10,10,0.43579662150328774
2025-10,11,0.00011542931745450493
2025-10,12,0.27408651626359276
2025-10,13,0.023100590679679664
2025-10,14,0.011942157970991418
2025-10,15,0.000171949879794297
2025-10,16,0.01133834323106561
2025-10,17,0.02109490678087535
2025-10,19,0.00010348835357990098
2025-10,20,0.018086977980862614
2025-10,21,0.0049236574376283655
2025-10,22,0.11111982359216035
2025-10,23,0.008104332181693706
2025-10,24,0.005429158241653266
2025-10,25,0.0031066407680427964
2025-10,26,0.0033892435797417565
2025-10,27,0.0022548520116543805
2025-10,28,0.0013771911668709897
2025-10,29,0.0010758808451018166
2025-10,30,0.0008800490375583118
2025-11,0,0.02214389524675889
2025-11,1,0.0017805340941295254
2025-11,4,0.003955594884290071
2025-11,5,0.014379361998692898
2025-11,6,0.0017470716204347476
2025-11,7,0.005384566446144833
2025-11,8,0.007158490668927242
2025-11,10,0.36505575839598253
2025-11,11,7.229546785908745e-05
2025-11,12,0.3511651137600171
2025-11,13,0.022053422632695233
2025-11,14,0.010867041611618833
2025-11,15,0.00048623866097226244
2025-11,16,0.01240094488110907
2025-11,17,0.019476812158197354
2025-11,18,0.00019912237433188657
2025-11,19,4.1311695919478546e-07
2025-11,20,0.01729266279493452
2025-11,21,0.004490581346447318
2025-11,22,0.10986432412826125
2025-11,23,0.010326271512032857
2025-11,24,0.0036891344456094336
2025-11,25,0.0036441046970572028
2025-11,26,0.004650457609655699
2025-11,27,0.003022776790428245
2025-11,28,0.0024563934393721943
2025-11,29,0.0010695598073552995
2025-11,30,0.0011670554097252689
2025-12,0,0.021057247875276595
2025-12,1,0.0011229607318281908
2025-12,2,3.4683069960376515e-05
2025-12,3,8.054179579687436e-05
2025-12,4,0.002786206620150247
2025-12,5,0.009825328352330662
2025-12,6,0.003227066976091033
2025-12,7,0.004656009458458545
2025-12,8,0.005512295919035842
2025-12,10,0.45993103464222096
2025-12,11,0.0002551132479307695
2025-12,12,0.27687687433090574
2025-12,13,0.02103990634029641
2025-12,14,0.008641094196905808
2025-12,15,0.000739134757600024
2025-12,16,0.009387936303385917
2025-12,17,0.01889109747252908
2025-12,18,0.0007672665810123295
2025-12,20,0.014206185455770222
2025-12,21,0.006948560382839434
2025-12,22,0.10472475901046888
2025-12,23,0.009606054276692283
2025-12,24,0.003921499110186572
2025-12,25,0.003037851561084979
2025-12,26,0.005164694484544068
2025-12,27,0.003531121889410334
2025-12,28,0.001335298193474496
2025-12,29,0.0013514836261226716
2025-12,30,0.0013406933376905546
2026-01,0,0.01861710506989291
2026-01,1,0.00210293323464324
2026-01,2,0.00018548767505399333
2026-01,4,0.0029087839951648952
2026-01,5,0.009997253184907694
2026-01,6,0.0018886017823679321
2026-01,7,0.004616335606666729
2026-01,8,0.007682651000501882
2026-01,10,0.391612850834628
2026-01,11,1.8637517589157225e-05
2026-01,12,0.32130237197911354
2026-01,13,0.02102489484224451
2026-01,14,0.007389331973682051
2026-01,15,0.00026048149582941167
2026-01,16,0.010194722121269002
2026-01,17,0.020210612823765853
2026-01,18,1.3312512563683732e-06
2026-01,19,6.92250653311554e-05
2026-01,20,0.015003201659271567
2026-01,21,0.006121093276781779
2026-01,22,0.12957423478568408
2026-01,23,0.008007920057474555
2026-01,24,0.005846855517969895
2026-01,25,0.0032802030956916714
2026-01,26,0.003784747321855285
2026-01,27,0.002926534011916474
2026-01,28,0.0018375704842071446
2026-01,29,0.0014413013602281588
2026-01,30,0.0020927269750110828
2026-02,0,0.013826902686383539
2026-02,1,0.0012723696670956463
2026-02,2,9.672275777221992e-05
2026-02,3,0.00012869387854211689
2026-02,4,0.0042424463168459475
2026-02,5,0.007295486001505476
2026-02,6,0.0027126888926660674
2026-02,7,0.004201976543719496
2026-02,8,0.006214133663566682
2026-02,10,0.3717998526900258
2026-02,11,0.00041683866320245405
2026-02,12,0.3481124897813823
2026-02,13,0.020999765275315867
2026-02,14,0.008710309270006232
2026-02,15,0.0006260673902662102
2026-02,16,0.010743105974147907
2026-02,17,0.016695400205586446
2026-02,18,0.0009194732454329861
2026-02,19,0.00015783211519316222
2026-02,20,0.01153226655011372
2026-02,21,0.005668601121822111
2026-02,22,0.13631474151955902
2026-02,23,0.008127544536985325
2026-02,24,0.005465038162996058
2026-02,25,0.003932852552428591
2026-02,26,0.00313924030141887
2026-02,27,0.0029215129219985593
2026-02,28,0.001391755497818679
2026-02,29,0.0010663785218820063
2026-02,30,0.0012675132943204721
2026-03,0,0.014506046495601782
2026-03,1,0.0016198143936145232
2026-03,3,0.00010411754946239017
2026-03,4,0.0014456609385785108
2026-03,5,0.010378422349468681
2026-03,6,0.0005198387001935163
2026-03,7,0.005523098927776503
2026-03,8,0.005243329829041231
2026-03,10,0.5029772750339974
2026-03,11,0.0002202198528197317
2026-03,12,0.26090734324597326
2026-03,13,0.018318321804873975
2026-03,14,0.006933554651788593
2026-03,15,0.00041384853293504
2026-03,16,0.008262738763450546
2026-03,17,0.02349873167596671
2026-03,18,0.0001741534550360123
2026-03,19,6.366900506692924e-06
2026-03,20,0.010722609500389318
2026-03,21,0.005546693912007189
2026-03,22,0.10113446931322492
2026-03,23,0.0071575197402004975
2026-03,24,0.0034085389124360174
2026-03,25,0.0022044456695526206
2026-03,26,0.003185697394701765
2026-03,27,0.0026164215846915745
2026-03,28,0.0011351809079874265
2026-03,29,0.0006119714957609552
2026-03,30,0.0012235684679626929
2026-04,0,0.009531757250424945
2026-04,1,0.002079844433787696
2026-04,2,0.0001267929909838885
2026-04,4,0.0025496689573096783
2026-04,5,0.007487691036865376
2026-04,6,0.0015547833597380782
2026-04,7,0.0049913755658607985
2026-04,8,0.003780565270772081
2026-04,10,0.6872939613896512
2026-04,11,0.00021498316540585055
2026-04,12,0.12073391800385148
2026-04,13,0.014876207358010679
2026-04,14,0.004277694225520792
2026-04,15,0.00030788100038414506
2026-04,16,0.006764594375412705
2026-04,17,0.0169356519293876
2026-04,18,0.0002852842297137491
2026-04,19,0.00016068814698948244
2026-04,20,0.00988294872792735
2026-04,21,0.003020121168905839
2026-04,22,0.08514306266586656
2026-04,23,0.005750564291578685
2026-04,24,0.0033160760958806084
2026-04,25,0.0024128329571389477
2026-04,26,0.0022016159201781625
2026-04,27,0.0011791120473427451
2026-04,28,0.0014810300110222026
2026-04,29,0.0004117633766605488
2026-04,30,0.0012475300474281109
2026-05,0,0.025293567696330982
2026-05,1,0.001396948757795014
2026-05,2,5.911046460825182e-05
2026-05,3,0.00010337192361443073
2026-05,4,0.0019697777046749814
2026-05,5,0.010287505304236135
2026-05,6,0.0015071740686104017
2026-05,7,0.0034178413086771308
2026-05,8,0.003746518336523014
2026-05,10,0.7326833466688827
2026-05,11,0.00022787512443181137
2026-05,12,0.08367300433648076
2026-05,13,0.014074001732764732
2026-05,14,0.00499297813369702
2026-05,15,0.00035551946104963054
2026-05,16,0.004607760661443244
2026-05,17,0.013231606222647133
2026-05,18,0.0007001877256977463
2026-05,19,9.537630521331453e-05
2026-05,20,0.00908445029266819
2026-05,21,0.004525234457231723
2026-05,22,0.06618030462163878
2026-05,23,0.005429024894357893
2026-05,24,0.003405847881075457
2026-05,25,0.0026870988983751193
2026-05,26,0.002282177937918592
2026-05,27,0.001538014311014707
2026-05,28,0.0015180252650119164
2026-05,29,0.0003558050188496704
2026-05,30,0.000570544484479648
2026-06,0,0.014873583929873547
2026-06,1,0.0034100281020024055
2026-06,4,0.002688087633374476
2026-06,5,0.015532455249755172
2026-06,6,0.0016832753231354545
2026-06,7,0.0031113218783656448
2026-06,8,0.002832475727100062
2026-06,10,0.747544664363435
2026-06,11,9.983712056862072e-05
2026-06,12,0.07034437633870978
2026-06,13,0.01654907625167435
2026-06,14,0.006982157335250636
2026-06,15,0.00030031649977496394
2026-06,16,0.006535842465611882
2026-06,17,0.012070361552617518
2026-06,18,0.00015163433634750187
2026-06,19,0.00010627822512143494
2026-06,20,0.008816798615377226
2026-06,21,0.0032422910042728677
2026-06,22,0.06524006935996085
2026-06,23,0.005887169561272215
2026-06,24,0.002649172626701223
2026-06,25,0.0023974327904287334
2026-06,26,0.0020890649099627517
2026-06,27,0.0022624379741760015
2026-06,28,0.0012315928663693561
2026-06,29,0.0006435736965686894
2026-06,30,0.000724624262191602
2026-07,0,0.01205893869930649
2026-07,1,0.0038094187084548514
2026-07,3,0.00017166507929780453
2026-07,4,0.0030398580191182654
2026-07,5,0.01579185449198732
2026-07,6,0.0010449178739866363
2026-07,7,0.004855669385852185
2026-07,8,0.002835139415235169
2026-07,10,0.6857142933303052
2026-07,11,0.00018472655272263745
2026-07,12,0.0686436406218221
2026-07,13,0.014167433695029522
2026-07,14,0.008578455872611716
2026-07,15,0.0003902448386521519
2026-07,16,0.007123301108812469
2026-07,17,0.012764791385611747
2026-07,18,9.196343533810957e-05
2026-07,20,0.009350149047405418
2026-07,21,0.0043462719222837004
2026-07,22,0.12870269447534327
2026-07,23,0.004086108696515598
2026-07,24,0.0024470270620401326
2026-07,25,0.002247906232481965
2026-07,26,0.003002806084300882
2026-07,27,0.001697458423864005
2026-07,28,0.0017744944610023055
2026-07,29,0.0004923375799115605
2026-07,30,0.0005864335007067856
2026-08,0,0.0075392796496800895
2026-08,1,0.0021495969032386524
2026-08,2,5.0317772967831526e-05
2026-08,3,0.00017584167972629298
2026-08,4,0.0023776500355605986
2026-08,5,0.017475416656860112
2026-08,6,0.0011180825573981058
2026-08,7,0.004550241619994227
2026-08,8,0.0044536639589753246
2026-08,10,0.6568614640794675
2026-08,12,0.06944123195221868
2026-08,13,0.017117511207201827
2026-08,14,0.0104761062267703
2026-08,15,0.0004547536363383053
2026-08,16,0.006413081322448463
2026-08,17,0.014007007155674264
2026-08,18,0.00010956289275253639
2026-08,20,0.008910574225884057
2026-08,21,0.004729329607653928
2026-08,22,0.15369049754268016
2026-08,23,0.00425320444408735
2026-08,24,0.0027112081757183198
2026-08,25,0.002293787080614212
2026-08,26,0.0036748205806184054
2026-08,27,0.0022918934009863905
2026-08,28,0.0012503696056845018
2026-08,29,0.0007033667189051719
2026-08,30,0.000720139309894449
