kind,replicate,method,k,fit_seconds,max_share,ari,ami,vi_bits,centroid_shift,mi_rank_tau
seed,0,ZSH,31,27.226104736328125,0.10019,0.7918186053725825,0.8777072758606592,1.0911407758713731,0.36207516332106815,0.909090909090909
seed,0,KMeans++ K*,31,32.76910185813904,0.0951,0.6950416601148154,0.8167277116780624,1.6423927273282377,0.34519975693849003,
seed,0,RPW K* (no refinement),31,27.342725038528442,0.123802,0.8526973871804397,0.8878406601628593,0.9865078063705469,0.24659052277532217,0.909090909090909
seed,1,ZSH,31,29.06853723526001,0.090021,0.8672564833126152,0.8933924651329197,0.9589912047344806,0.39290068038661746,0.909090909090909
seed,1,KMeans++ K*,31,32.14657950401306,0.095536,0.726159837830746,0.8463905582132664,1.3797003461551305,0.6144149293698156,
seed,1,RPW K* (no refinement),31,28.478851556777954,0.113649,0.8392136184180654,0.8796872897884563,1.0564045461943343,0.3495156103079705,0.909090909090909
seed,2,ZSH,32,27.622056245803833,0.089895,0.8043612915005873,0.871583193996471,1.1553732362827331,0.2744038401604986,0.8787878787878787
seed,2,KMeans++ K*,31,32.55036425590515,0.098784,0.7920665490400917,0.8606120903232541,1.2400116769607463,0.17328710801155217,
seed,2,RPW K* (no refinement),31,27.745607137680054,0.126046,0.8273850381757647,0.8762944997250255,1.0839675591248132,0.2519419892654727,0.8787878787878787
seed,3,ZSH,32,27.599026918411255,0.089881,0.8598739758618498,0.8867446888135481,1.021776275632446,0.4028936507034287,0.909090909090909
seed,3,KMeans++ K*,31,33.00849461555481,0.099157,0.838519323173954,0.8725984442909601,1.1290204972268543,0.3961889085245031,
seed,3,RPW K* (no refinement),31,27.111260652542114,0.131131,0.8438077828149412,0.8780547267480615,1.0639852529091816,0.3082087592098114,0.909090909090909
seed,4,ZSH,31,27.10873532295227,0.086724,0.9101135903844026,0.9209368369308032,0.7106535794431806,0.3284816069004729,0.9393939393939392
seed,4,KMeans++ K*,31,32.28446435928345,0.096214,0.7132462175572174,0.8244228307457144,1.565377344852971,0.35238172878508967,
seed,4,RPW K* (no refinement),31,27.16747236251831,0.123507,0.9174932467974605,0.9196298381882229,0.7059195459147374,0.20447536353094506,0.9393939393939392
seed,5,ZSH,31,27.123372316360474,0.089974,0.8634165887490637,0.8875341070464217,1.0133822243925557,0.35950188568409064,0.8484848484848484
seed,5,KMeans++ K*,31,31.57393479347229,0.096443,0.7794915497405607,0.8598323091077675,1.2599232663431619,0.4302782296147664,
seed,5,RPW K* (no refinement),31,27.173367500305176,0.1235,0.9161822305384183,0.9099933404588189,0.7930597360049703,0.331971999475792,0.8484848484848484
seed,6,ZSH,31,27.547036170959473,0.101795,0.7409424407890153,0.8536930915547962,1.3029055050149567,0.4619678713064582,0.8787878787878787
seed,6,KMeans++ K*,31,32.60097861289978,0.094779,0.8050891807060475,0.8751954010380715,1.1227785380201152,0.37184719325254434,
seed,6,RPW K* (no refinement),31,27.362549304962158,0.169089,0.7047848748094799,0.8464407901179389,1.337916372334108,0.3320872648706484,0.8787878787878787
seed,7,ZSH,31,27.59116291999817,0.087087,0.9136516112605578,0.9227812290528038,0.695954765890668,0.3075653625900183,0.9999999999999998
seed,7,KMeans++ K*,31,31.900352478027344,0.099169,0.8292567169657623,0.8736157180707099,1.1221193613442275,0.26998146820653046,
seed,7,RPW K* (no refinement),31,27.25595998764038,0.118229,0.8965827459310095,0.9106728797685337,0.7900711354664017,0.14537379411422707,0.9999999999999998
seed,8,ZSH,31,27.035069704055786,0.088848,0.882358931901818,0.9024989064168533,0.8777816592510466,0.3925901324812489,0.909090909090909
seed,8,KMeans++ K*,31,31.650514364242554,0.097669,0.7769631310969881,0.8439659862034651,1.3878286642531898,0.29980228544720966,
seed,8,RPW K* (no refinement),31,26.73235297203064,0.123307,0.8985020452714952,0.908813181059161,0.8009745098994886,0.22332158404014565,0.909090909090909
seed,9,ZSH,31,28.467188596725464,0.088919,0.7875816851955433,0.8744482647731155,1.1250972250337596,0.310930717190484,0.9393939393939392
seed,9,KMeans++ K*,31,33.17355012893677,0.096035,0.7197315882816328,0.8265521731962192,1.551445351137799,0.3786088063219701,
seed,9,RPW K* (no refinement),31,28.21831178665161,0.121714,0.8540259424543515,0.8972517101542058,0.9008758362981605,0.1665308944354059,0.9393939393939392
bootstrap,0,ZSH,31,26.613957405090332,0.088141,0.9216986401433195,0.9233831818907263,0.6911665234749973,0.2485623602627338,0.909090909090909
bootstrap,0,KMeans++ K*,31,32.07598567008972,0.095912,0.7684784824712849,0.8447441196631826,1.3733747330584816,0.2795959909374097,
bootstrap,0,RPW K* (no refinement),31,26.656883716583252,0.122555,0.9299165074776894,0.9206593822540979,0.7015584335319008,0.3248374949960081,0.909090909090909
bootstrap,1,ZSH,32,28.358689546585083,0.091155,0.8995531793747641,0.9058380778492802,0.8493173728963751,0.28165980630317866,0.909090909090909
bootstrap,1,KMeans++ K*,31,33.12837767601013,0.09983,0.7836752277477094,0.8503403750832419,1.332178416399861,0.5215146754544135,
bootstrap,1,RPW K* (no refinement),31,27.376796007156372,0.135932,0.8869062941423943,0.9024425243698728,0.8527200490580351,0.3663615190226129,0.909090909090909
bootstrap,2,ZSH,32,27.626842260360718,0.087718,0.8125635808072903,0.8828031947512727,1.05867758903893,0.17774517021288852,0.8787878787878787
bootstrap,2,KMeans++ K*,31,31.595837831497192,0.09686,0.7531880461991552,0.8399247529979994,1.4259175248465275,0.30609968906536456,
bootstrap,2,RPW K* (no refinement),31,27.475059270858765,0.124141,0.8611652938923862,0.8973950771354389,0.8995228024626728,0.17834312552199455,0.8787878787878787
bootstrap,3,ZSH,31,27.005584001541138,0.08987,0.9072930618746291,0.9224900285395653,0.6990080575246314,0.24132265281608178,0.909090909090909
bootstrap,3,KMeans++ K*,31,31.84445548057556,0.092805,0.7241541401216555,0.8462313394504474,1.3710855917508016,0.35747737587348166,
bootstrap,3,RPW K* (no refinement),31,26.528742790222168,0.122464,0.9144275070156316,0.916369955944675,0.7365126296749758,0.21046189604313276,0.909090909090909
bootstrap,4,ZSH,31,28.309332847595215,0.091589,0.765863834829595,0.864714703017055,1.2136992191421465,0.23701505831975633,0.8787878787878787
bootstrap,4,KMeans++ K*,31,32.57413458824158,0.10068,0.7847088482090528,0.8489889633436423,1.342428973895225,0.3156587210314391,
bootstrap,4,RPW K* (no refinement),31,28.14095163345337,0.151349,0.7781252423336509,0.8711274529512029,1.1251496941758965,0.19470855785686617,0.8787878787878787
bootstrap,5,ZSH,31,27.313400745391846,0.090418,0.7772180816734403,0.8711490566886818,1.1529515487984068,0.47112750353146726,0.9393939393939392
bootstrap,5,KMeans++ K*,31,32.93755912780762,0.096183,0.7362701258133837,0.8437654730611802,1.4079190793467493,0.4178728533643962,
bootstrap,5,RPW K* (no refinement),31,27.086585998535156,0.154007,0.7747019983007741,0.8719821836283523,1.1177593825717296,0.39351376232730706,0.9393939393939392
bootstrap,6,ZSH,32,27.57522177696228,0.08835,0.7936582059366782,0.8778210912581068,1.1041143001006624,0.23488007584321735,0.9393939393939392
bootstrap,6,KMeans++ K*,31,32.32595944404602,0.095464,0.7634464789849059,0.8461559053844794,1.3719920612176408,0.3762467016918257,
bootstrap,6,RPW K* (no refinement),31,26.884126663208008,0.133883,0.8625414860579366,0.8955836162446836,0.9145649022277713,0.20999825759059348,0.9393939393939392
bootstrap,7,ZSH,31,27.490005016326904,0.099982,0.7640408919088792,0.8720227809068005,1.14124499359574,0.2866670566469664,0.9393939393939392
bootstrap,7,KMeans++ K*,31,33.28578066825867,0.102118,0.7775062458908572,0.8531378571016367,1.3099116894784393,0.3782186142660838,
bootstrap,7,RPW K* (no refinement),31,27.105104207992554,0.1122,0.8040742460730195,0.8874275060653228,0.9889719143457443,0.189338523405283,0.9393939393939392
bootstrap,8,ZSH,31,26.591891288757324,0.092842,0.7649267432348161,0.8597566696658585,1.2588189437766517,0.26490084761627675,0.909090909090909
bootstrap,8,KMeans++ K*,31,32.67400360107422,0.095243,0.7938367354261782,0.8950606170551659,0.9426397145108872,0.28665052756896287,
bootstrap,8,RPW K* (no refinement),31,26.288328886032104,0.13186,0.8664252306257348,0.8924674564379897,0.9408392739546372,0.32484137709122046,0.909090909090909
bootstrap,9,ZSH,32,28.25423812866211,0.089936,0.905880809651935,0.9078525368329192,0.8302255330952326,0.19658725931736262,0.909090909090909
bootstrap,9,KMeans++ K*,31,31.637674808502197,0.092079,0.7452079930632793,0.861005238080574,1.2440871589960185,0.36878520329799847,
bootstrap,9,RPW K* (no refinement),31,27.897212982177734,0.133073,0.8809510025401178,0.8917355923719229,0.947697339790708,0.2185601126100443,0.909090909090909
bootstrap,10,ZSH,31,27.41273856163025,0.092275,0.7517537510195598,0.8493190371729996,1.349428981085233,0.4108176082131654,0.909090909090909
bootstrap,10,KMeans++ K*,31,31.105480909347534,0.096258,0.7263907349097017,0.839857108654787,1.4381908296879269,0.5561697230682731,
bootstrap,10,RPW K* (no refinement),31,27.39473605155945,0.126194,0.8350084023108839,0.8773304309024204,1.073900685367781,0.24009360416042172,0.909090909090909
bootstrap,11,ZSH,31,27.049277544021606,0.095763,0.7956582088434936,0.8732321378032929,1.1326654512665288,0.4295380006229297,0.909090909090909
bootstrap,11,KMeans++ K*,31,32.90672039985657,0.095827,0.6877296357727862,0.8206673606886041,1.6057873877225337,0.25038402054882597,
bootstrap,11,RPW K* (no refinement),31,26.47276210784912,0.135477,0.8985335279865212,0.9091801861153646,0.7913936763817077,0.27279928643439977,0.909090909090909
bootstrap,12,ZSH,31,27.794847011566162,0.084993,0.9120737038731161,0.9305203810333759,0.6292923041290089,0.14138525285677303,0.9999999999999998
bootstrap,12,KMeans++ K*,31,31.67352867126465,0.094589,0.7950329252602718,0.8542050425657971,1.296339594250493,0.22660184823456278,
bootstrap,12,RPW K* (no refinement),31,27.353139638900757,0.10446,0.838817301319991,0.9078564805584307,0.8188728847409232,0.2851419963438968,0.9999999999999998
bootstrap,13,ZSH,31,27.172646284103394,0.090748,0.7951874911811604,0.8646490954006064,1.2107423662265366,0.44330131377246607,0.8787878787878787
bootstrap,13,KMeans++ K*,31,31.5244300365448,0.095338,0.6703167615764593,0.8036424798905342,1.7636262033103451,0.5485084683125562,
bootstrap,13,RPW K* (no refinement),31,26.741087198257446,0.10121,0.7135223586419017,0.8433900584672103,1.3762564479267556,0.2879209500128668,0.8787878787878787
bootstrap,14,ZSH,32,26.72908306121826,0.091273,0.8917328610679633,0.9074579309691907,0.8360722341153137,0.15840764314269828,0.8787878787878787
bootstrap,14,KMeans++ K*,31,31.638481378555298,0.098178,0.7271008252730062,0.8353767176468184,1.4680212747633885,0.31821432158304636,
bootstrap,14,RPW K* (no refinement),31,26.40792751312256,0.137445,0.8648824238165642,0.8930730584038972,0.9331692216267363,0.3291094676116152,0.8787878787878787
bootstrap,15,ZSH,31,28.515007257461548,0.087139,0.7719598409190935,0.8659112458060924,1.2029913902377114,0.3116547408295741,0.9999999999999998
bootstrap,15,KMeans++ K*,31,32.10334300994873,0.091906,0.6932191586451965,0.8288563117766092,1.5344968088438986,0.47297144940430985,
bootstrap,15,RPW K* (no refinement),31,28.04536747932434,0.122287,0.787529347914505,0.8728292873336444,1.1185438306219704,0.21286463216431142,0.9999999999999998
bootstrap,16,ZSH,31,27.77654504776001,0.090414,0.884173747886381,0.9033099209456033,0.8725008802252919,0.31287665437541134,0.9393939393939392
bootstrap,16,KMeans++ K*,31,32.48341131210327,0.096266,0.6957554705763499,0.8113686939914904,1.6874293531454112,0.47813504642349275,
bootstrap,16,RPW K* (no refinement),31,27.091118574142456,0.121531,0.909524676491657,0.9093630891330325,0.7982730235398118,0.2283003543959857,0.9393939393939392
bootstrap,17,ZSH,31,27.513378143310547,0.089356,0.8010258360214888,0.8732058358307018,1.141024180905105,0.32949299593208664,0.8787878787878787
bootstrap,17,KMeans++ K*,31,31.71842861175537,0.092949,0.7134617513482672,0.8262473316619017,1.5615943415741258,0.42257983906530144,
bootstrap,17,RPW K* (no refinement),31,27.406041860580444,0.100768,0.7190620510631337,0.851606650368939,1.3094779523287123,0.24576345743955114,0.8787878787878787
bootstrap,18,ZSH,30,27.416696071624756,0.101063,0.7476367917673223,0.8448826975648465,1.3805591503828967,0.32169075014661375,0.9696969696969696
bootstrap,18,KMeans++ K*,31,32.14769887924194,0.098923,0.8545481918490737,0.8816531321364404,1.055804630530255,0.24335180556772723,
bootstrap,18,RPW K* (no refinement),31,27.572468757629395,0.100975,0.725540400651702,0.8279868508205082,1.5251205580579397,0.2282560720198612,0.9696969696969696
bootstrap,19,ZSH,31,27.93369746208191,0.095495,0.7781637195039506,0.865210479677313,1.2025602325738132,0.49614756828365825,0.9393939393939392
bootstrap,19,KMeans++ K*,31,32.10928702354431,0.08912,0.7373652627786024,0.8611420945260307,1.243192232650684,0.36603996432849106,
bootstrap,19,RPW K* (no refinement),31,27.571196794509888,0.09966,0.733370524866735,0.8593818548122111,1.2357221206899824,0.28564029856402645,0.9393939393939392
bootstrap,20,ZSH,31,27.44034719467163,0.090125,0.8007791197055601,0.8701704073824756,1.1645534565964601,0.34868777560406816,0.8787878787878787
bootstrap,20,KMeans++ K*,31,31.616323709487915,0.09307,0.7589280431499554,0.8675214752066052,1.1827112421939043,0.13971082123392595,
bootstrap,20,RPW K* (no refinement),31,27.38267707824707,0.110979,0.8285033144215518,0.8757620931561679,1.091706797644752,0.2764186375026084,0.8787878787878787
bootstrap,21,ZSH,31,27.080827474594116,0.089656,0.892245635441528,0.9053311401486827,0.8520448696541636,0.20694930079332302,0.909090909090909
bootstrap,21,KMeans++ K*,31,32.93928623199463,0.0995,0.8669105380220498,0.8848459833424516,1.0291495265369515,0.3215765630444664,
bootstrap,21,RPW K* (no refinement),31,26.99664855003357,0.122383,0.911871832475857,0.91112126577482,0.7809533978163298,0.177656444390404,0.909090909090909
bootstrap,22,ZSH,32,27.43266248703003,0.08967,0.8783667581197179,0.8982978552853643,0.9154765468700164,0.2578141770302361,0.9393939393939392
bootstrap,22,KMeans++ K*,31,31.7066171169281,0.101121,0.78206871014948,0.8465587949758534,1.3660307457134935,0.510364554159545,
bootstrap,22,RPW K* (no refinement),31,26.76104497909546,0.134304,0.8279154719035271,0.8694499807635498,1.1424048362525394,0.2449764775519585,0.9393939393939392
bootstrap,23,ZSH,31,25.98111319541931,0.087589,0.8464856954401141,0.9030504398755813,0.8738284409245907,0.3256296667860324,0.9393939393939392
bootstrap,23,KMeans++ K*,31,33.18020939826965,0.099955,0.815428675130376,0.8641970462101042,1.2083530274222964,0.27520416589023117,
bootstrap,23,RPW K* (no refinement),31,25.834052324295044,0.121136,0.9239433905690604,0.9219811848104676,0.6873607388359277,0.20323118754179492,0.9393939393939392
bootstrap,24,ZSH,32,28.00770354270935,0.086434,0.9454009113844195,0.9366890411221939,0.5715999888434766,0.1604508387843087,0.9999999999999998
bootstrap,24,KMeans++ K*,31,32.81055283546448,0.097741,0.8039649456933278,0.8609247903779926,1.2271308748155154,0.5250704154502269,
bootstrap,24,RPW K* (no refinement),31,27.747320890426636,0.135596,0.8812587222731972,0.9079254798740892,0.8087472045838613,0.13605888152965626,0.9999999999999998
bootstrap,25,ZSH,31,27.49159002304077,0.090348,0.7796621789446405,0.8673541053667755,1.1899858921751896,0.39192587186669464,0.8787878787878787
bootstrap,25,KMeans++ K*,31,32.34909415245056,0.095917,0.7546675363855987,0.8507781554012237,1.3435893921151023,0.39494771312408666,
bootstrap,25,RPW K* (no refinement),31,27.275121212005615,0.110321,0.8247706079204822,0.8806020221316725,1.048850558644595,0.23701160027491963,0.8787878787878787
bootstrap,26,ZSH,31,27.771043062210083,0.088558,0.8840072291055403,0.9049928582339423,0.8544709906354261,0.3567513973990562,0.909090909090909
bootstrap,26,KMeans++ K*,31,33.0318865776062,0.091187,0.7037475779996997,0.8278360405559098,1.5326925386404704,0.26777000109251237,
bootstrap,26,RPW K* (no refinement),31,27.64930272102356,0.123221,0.8671396631184258,0.8904924923157536,0.9655809318500541,0.18833393729032694,0.909090909090909
bootstrap,27,ZSH,31,27.437174320220947,0.095921,0.7723601994484676,0.8619138214452687,1.2327893744051936,0.4278684909725963,0.9393939393939392
bootstrap,27,KMeans++ K*,31,32.74182391166687,0.093008,0.7688915596312336,0.8610114675058242,1.2396178255903707,0.2137423715245689,
bootstrap,27,RPW K* (no refinement),31,27.384528160095215,0.135736,0.8760379843260797,0.9020236812926371,0.8533317925982997,0.2711631703020832,0.9393939393939392
bootstrap,28,ZSH,31,27.326969623565674,0.088121,0.80103283357361,0.8907006852862333,0.9798897873933583,0.18566772754106495,0.9999999999999998
bootstrap,28,KMeans++ K*,31,32.1533317565918,0.091152,0.6888188789932798,0.8133674740149293,1.6710771534905946,0.4907778843563703,
bootstrap,28,RPW K* (no refinement),31,27.27605175971985,0.152716,0.8199316140901673,0.9109984840279963,0.777918285091418,0.1627811646737752,0.9999999999999998
bootstrap,29,ZSH,31,26.90104866027832,0.09123,0.8422944546273254,0.8867663860100189,1.0165917735849812,0.49107055453863,0.8787878787878787
bootstrap,29,KMeans++ K*,31,31.93957781791687,0.100539,0.8098181352108681,0.865328576131726,1.1985096492545653,0.19059376364809558,
bootstrap,29,RPW K* (no refinement),31,27.944663047790527,0.127572,0.884964923398964,0.9028606794145712,0.8533342915881542,0.2660647440569654,0.8787878787878787
null,0,ZSH,32,29.759403944015503,0.094828,,,,,
null,1,ZSH,35,27.95190739631653,0.077892,,,,,
null,2,ZSH,32,28.01059055328369,0.086608,,,,,
null,3,ZSH,32,29.516111135482788,0.09625,,,,,
null,4,ZSH,30,27.297328233718872,0.097239,,,,,
null,5,ZSH,34,30.724182844161987,0.065434,,,,,
null,6,ZSH,30,29.969583749771118,0.098418,,,,,
null,7,ZSH,33,30.29399013519287,0.084442,,,,,
null,8,ZSH,32,28.383741855621338,0.093609,,,,,
null,9,ZSH,33,30.281044483184814,0.09225,,,,,
