target,method,positives,base_rate,ap,ap_lift,enrich@0.10,enrich@0.25,enrich@0.50,prec@0.25,clusters@0.25,share@0.25,ap_lift_lo,ap_lift_hi,enrich@0.10_lo,enrich@0.10_hi,enrich@0.25_lo,enrich@0.25_hi,enrich@0.50_lo,enrich@0.50_hi,d_ap_lift,d_ap_lift_lo,d_ap_lift_hi,d_ap_lift_p,d_enrich@0.10,d_enrich@0.10_lo,d_enrich@0.10_hi,d_enrich@0.10_p,d_enrich@0.25,d_enrich@0.25_lo,d_enrich@0.25_hi,d_enrich@0.25_p,d_enrich@0.50,d_enrich@0.50_lo,d_enrich@0.50_hi,d_enrich@0.50_p,d_ap_lift_p_holm,max_lift,attained,attained_pct
L2:P2PKH,ZSH,25190,0.04594653458821276,0.4278553703943504,9.314896159920554,21.74938774408154,21.145558060328295,1.7469139739374726,0.9713372580964099,2.0,0.013320796424579742,8.897208250853677,9.713110464663856,21.060457702742887,22.450336961804823,20.501992870517256,21.82554030864031,1.7294255488767356,1.781455851452542,,,,,,,,,,,,,,,,,,21.764427044657737,0.4278553703943504,42.78553703943504
L2:P2PKH,K-means++ (K*),25190,0.045946534588212753,0.10860887876715646,2.3631974737844006,4.039563906746522,3.3993823194601296,1.4109796624011757,0.1562359476525613,7.5,0.07842334952112742,2.194745377290086,2.50463248278154,3.631378539034293,4.383906193402375,3.15191509065686,3.669704762637874,1.1892566832779337,1.704410505047527,-6.951698686136154,-7.316567088463947,-6.601617533772692,0.001998001998001998,-17.70982383733502,-18.553506463351717,-16.980031586927577,0.001998001998001998,-17.746175740868164,-18.45775653324203,-17.03924690121624,0.001998001998001998,-0.33593431153629694,-0.5805169771537599,-0.037386929068277924,0.00999000999000999,0.017982017982017984,21.76442704465774,0.10860887876715646,10.860887876715646
L2:P2PKH,MiniBatchKMeans,25190,0.04594653458821271,0.17807527522345679,3.8758994590579925,8.386807491720873,3.4545492911636044,3.1822413655606194,0.15874717436395858,5.5,0.11910886563616191,3.6524519393470194,4.121033667711761,5.814632448896203,9.047821964761635,3.2748828860529975,3.618636129504399,2.9913258799308116,3.4019638652882795,-5.438996700862562,-5.755663404974263,-5.07386567310331,0.001998001998001998,-13.362580252360669,-16.11017504401704,-12.502822295902986,0.001998001998001998,-17.69100876916469,-18.39084198420753,-17.09231345877151,0.001998001998001998,1.4353273916231468,1.2408615489961887,1.6536982357585808,0.001998001998001998,0.017982017982017984,21.76442704465776,0.17807527522345679,17.80752752234568
L2:P2PKH,GMM (diag),25190,0.04594653458821274,0.13158751625615808,2.8653514820099764,4.339854917078716,3.01279176920447,2.56765020776579,0.13839455983176888,7.5,0.12485459578511204,2.7455980434528207,2.9824276568982233,4.099936657852816,4.586664774800035,2.7494739957019,3.1367255453935097,2.5005544737456082,2.6323008194216198,-6.449544677910578,-6.824213246211072,-6.052662686614949,0.001998001998001998,-17.409532827002828,-18.089401522488423,-16.716087277261384,0.001998001998001998,-18.132766291123826,-18.880024489961162,-17.506089529255625,0.001998001998001998,0.8207362338283173,0.7431305087867042,0.8802683416983756,0.001998001998001998,0.017982017982017984,21.764427044657747,0.13158751625615808,13.158751625615809
L2:P2PKH,BIRCH,25190,0.04594653458821282,0.08615724674174621,1.8759153750695758,3.810718714002228,3.3625576221811144,1.0138538096436918,0.15440675896787115,7.0,0.0765330749667085,1.74594120962543,1.9968674022174653,3.3314762326503966,4.049820652976077,2.2239507709745565,3.555711772666323,1.010380517704965,1.0246768635887915,-7.438980784850978,-7.80670021190759,-7.034283619904414,0.001998001998001998,-17.938669030079314,-18.829954192393117,-17.28679115030694,0.001998001998001998,-17.78300043814718,-19.089496840946733,-17.201238686854975,0.001998001998001998,-0.7330601642937808,-0.7653660763809075,-0.7130332332533111,0.001998001998001998,0.017982017982017984,21.764427044657708,0.08615724674174621,8.615724674174622
L2:P2PKH,Ward (sample + NC),25190,0.045946534588212726,0.15341180286068992,3.3395815003859193,7.945075588788807,3.8826488525058744,1.2390258862302344,0.17835247439150534,6.5,0.08622805486166005,3.1371120583740266,3.5298139727364966,7.464104621989363,9.597857774305394,3.700310469230108,4.441388801197757,1.2232199339582568,1.2526271261901243,-5.975314659534635,-6.301700042900673,-5.6263088338971645,0.001998001998001998,-13.804312155292735,-14.514974854796021,-11.99381684111346,0.001998001998001998,-17.26290920782242,-17.90493625200677,-16.410730332038337,0.001998001998001998,-0.5078880877072383,-0.5395671060686453,-0.4927438833887353,0.02197802197802198,0.017982017982017984,21.764427044657754,0.15341180286068992,15.341180286068992
L2:P2PKH,VKV-partial (K*),25190,0.04594653458821277,0.08448975661170129,1.8397268113531335,1.598194231989603,1.598194231989603,1.598194231989603,0.07343185131631023,8.0,0.5719318736378995,1.7581563276332983,1.9228192564255804,1.5795017246128602,4.384877110471246,1.5763028763099889,1.6221564571774745,1.5763028763099889,1.6221564571774745,-7.47516934856742,-7.867483809297098,-7.067771395452067,0.001998001998001998,-20.15119351209194,-20.731880374398575,-17.39267124226537,0.001998001998001998,-19.547363828338693,-20.225427804950275,-18.91621801970036,0.001998001998001998,-0.14871974194786963,-0.19140371514094345,-0.12178295619803674,0.001998001998001998,0.017982017982017984,21.764427044657737,0.08448975661170129,8.44897566117013
L2:P2SH,ZSH,16956,0.03158440318087923,0.10784480508163091,3.4122162256091384,8.394564135083744,5.036622213014866,1.394230474391342,0.1591597900556075,5.5,0.05054451199393885,3.1842296715507854,3.6265151549141743,7.570350479613711,9.09329015206224,4.316171513940315,5.3727222876240415,1.3766284709469394,2.217746877675365,,,,,,,,,,,,,,,,,,31.66119664421541,0.10784480508163091,10.78448050816309
L2:P2SH,K-means++ (K*),16956,0.031584403180879246,0.07150895732399723,2.263157070330699,4.291080819385318,3.187017703766924,1.7203997494390388,0.1008369215044464,8.5,0.08774418189560675,2.152972568836103,2.362177684765193,3.856467607435318,4.57195319486744,2.9362293238508994,3.4478813902081593,1.6780040375503493,1.796054262233436,-1.1490591552784393,-1.3664258463168264,-0.952324847916775,0.001998001998001998,-4.103483315698426,-4.9642366312278465,-3.200687535586209,0.001998001998001998,-1.8496045092479418,-2.1939445360060033,-1.138131401138179,0.001998001998001998,0.32616927504769677,-0.1503045427095923,0.3999392568009635,0.06593406593406594,0.017982017982017984,31.661196644215394,0.07150895732399723,7.150895732399723
L2:P2SH,MiniBatchKMeans,16956,0.031584403180879204,0.08197708994868463,2.594987704224997,4.925937575741203,3.094204365289258,2.4812959640980754,0.09791999752294986,8.0,0.08894362460628218,2.4757901925881995,2.729853760010711,4.5084402512544735,5.308577460504433,2.587047403736,3.3357489241006424,2.148054606552955,2.559908260613737,-0.8172285213841413,-1.0355787484130337,-0.6008145423025651,0.001998001998001998,-3.4686265593425407,-4.29856716058148,-2.53780243080551,0.001998001998001998,-1.9424178477256078,-2.4268650122181317,-1.2993801588083485,0.001998001998001998,1.0870654897067333,0.30056153323497997,1.1543030312408178,0.003996003996003996,0.017982017982017984,31.661196644215437,0.08197708994868463,8.197708994868464
L2:P2SH,GMM (diag),16956,0.03158440318087923,0.08882202394304145,2.811220203272862,4.7023945459189305,3.346789233534907,2.3587630727219704,0.1060835463534043,6.5,0.10906888466376437,2.712767889842363,2.922857494111108,4.4091945887516495,5.020594378578159,2.874656987935783,3.5064456311553385,2.2946222817115904,2.6716255057100033,-0.6009960223362762,-0.839414651777365,-0.3573600248313321,0.001998001998001998,-3.6921695891648136,-4.4657547325094,-2.792688256144819,0.001998001998001998,-1.6898329794799585,-2.3169918213537066,-1.0393676060344355,0.001998001998001998,0.9645325983306283,0.3941929074218035,1.2731746941011877,0.001998001998001998,0.017982017982017984,31.66119664421541,0.08882202394304145,8.882202394304144
L2:P2SH,BIRCH,16956,0.031584403180879274,0.06407995574166699,2.02731173036959,4.170705245765898,3.1497027828469513,0.9996560978841877,0.09951849768991149,7.5,0.08275141972912842,1.912153790412802,2.12486231666234,3.917139443582857,4.456335123028281,2.7837015663173017,3.280852945589382,0.9972565791488837,1.0024317624074286,-1.3849044952395486,-1.618718507377717,-1.1641342105745398,0.001998001998001998,-4.223858889317846,-4.963038962652432,-3.308806158542539,0.001998001998001998,-1.8869194301679144,-2.340835313335657,-1.2478482196858394,0.001998001998001998,-0.3945743765071543,-1.217975562203609,-0.37713238360122764,0.001998001998001998,0.017982017982017984,31.661196644215366,0.06407995574166699,6.407995574166699
L2:P2SH,Ward (sample + NC),16956,0.03158440318087922,0.07752531503697702,2.4542515500335766,4.665048167626661,3.267473292398999,2.477520114627324,0.10314591850275132,7.5,0.08000974230565189,2.2992501788975948,2.5484025494856164,3.908329954573648,5.442697417343875,2.8677272563498337,3.4806476797307337,1.8110633530459848,2.5921415705060498,-0.9579646755755618,-1.1947597043706224,-0.778092626071076,0.001998001998001998,-3.7295159674570835,-4.8534199502257325,-2.462517353795368,0.001998001998001998,-1.7691489206158666,-2.246874711677875,-1.218538322352148,0.001998001998001998,1.0832896402359817,0.3368840490849635,1.1904330812581976,0.00999000999000999,0.017982017982017984,31.661196644215423,0.07752531503697702,7.752531503697702
L2:P2SH,VKV-partial (K*),16956,0.03158440318087922,0.05751823014806708,1.821340851989318,1.654591976065628,1.654591976065628,1.654591976065628,0.052252372999799984,5.5,0.5760041529197841,1.7724580046932412,1.8958650328401643,1.6347286165108024,3.19266262020997,1.6344465663939363,1.676999005096606,1.6344465663939363,1.676999005096606,-1.5908753736198205,-1.808397880316636,-1.359561713294893,0.001998001998001998,-6.739972159018116,-7.325486322305682,-4.903153101624281,0.001998001998001998,-3.3820302369492374,-3.7192317749746153,-2.6618462415402915,0.001998001998001998,0.26036150167428596,-0.560355437429194,0.2893698367137547,0.06793206793206794,0.017982017982017984,31.661196644215423,0.05751823014806708,5.751823014806709
L2:P2WPKH,ZSH,275948,0.6245730854726301,0.8229902904871625,1.3176839262415392,1.3604187711261742,1.3604187711261742,1.3604187711261742,0.849680999941408,3.5,0.4941300845468707,1.3087513543397293,1.3266672968005317,1.3503339759109492,1.3705453538532222,1.3503339759109492,1.3705453538532222,1.3503339759109492,1.3705453538532222,,,,,,,,,,,,,,,,,,1.6010936482209683,0.8229902904871625,82.29902904871625
L2:P2WPKH,K-means++ (K*),275948,0.6245730854726304,0.7761748794418288,1.242730037761152,1.2697154911145991,1.2697154911145991,1.2697154911145991,0.7930288377840193,3.0,0.5763768013420777,1.2355432418841938,1.249965819095701,1.2615130879894219,1.2778885115340264,1.2615130879894219,1.2778885115340264,1.2615130879894219,1.2778885115340264,-0.07495388848038709,-0.08153736169206117,-0.0679889364013283,0.001998001998001998,-0.09070328001157502,-0.09874471468998314,-0.08210944002745257,0.001998001998001998,-0.09070328001157502,-0.09874471468998314,-0.08210944002745257,0.001998001998001998,-0.09070328001157502,-0.09874471468998314,-0.08210944002745257,0.001998001998001998,0.017982017982017984,1.6010936482209677,0.7761748794418288,77.61748794418288
L2:P2WPKH,MiniBatchKMeans,275948,0.6245730854726296,0.7145187009423559,1.144010277164083,1.1504157483035162,1.1504157483035162,1.1504157483035162,0.7185197856437903,5.0,0.6004385328793629,1.1385941340991876,1.1496991939716967,1.1437286894000314,1.1573100611802956,1.1437286894000314,1.1573100611802956,1.1437286894000314,1.1573100611802956,-0.1736736490774562,-0.18328877942043995,-0.16459593540454392,0.001998001998001998,-0.21000302282265793,-0.22171931379311882,-0.19888682494317658,0.001998001998001998,-0.21000302282265793,-0.22171931379311882,-0.19888682494317658,0.001998001998001998,-0.21000302282265793,-0.22171931379311882,-0.19888682494317658,0.001998001998001998,0.017982017982017984,1.6010936482209697,0.7145187009423559,71.45187009423559
L2:P2WPKH,GMM (diag),275948,0.62457308547263,0.7547903341628213,1.2084875811042042,1.378405224286126,1.3083655472159075,1.1524560906289882,0.8171731118300694,3.0,0.21463708691687688,1.2018788798077353,1.2145419226218055,1.3643945931664583,1.3935370679029988,1.2862127039639757,1.320553180216426,1.1469729751482485,1.157638648639871,-0.109196345137335,-0.11649532399087166,-0.10237912852553718,0.001998001998001998,0.017986453159951843,0.007271352630570166,0.030763650622415088,0.003996003996003996,-0.05205322391026668,-0.07179630403366269,-0.04239584304859531,0.001998001998001998,-0.20796268049718591,-0.21868426140866107,-0.19694649599736014,0.001998001998001998,0.017982017982017984,1.6010936482209686,0.7547903341628213,75.47903341628212
L2:P2WPKH,BIRCH,275948,0.6245730854726297,0.6423232942252426,1.0284200536724923,1.0241557675193231,1.0241557675193231,1.0241557675193231,0.6396604350636674,5.5,0.906661441604377,1.0228033560061096,1.0304722692592125,1.0211731102909105,1.0258342432588934,1.0211731102909105,1.0258342432588934,1.0211731102909105,1.0258342432588934,-0.28926387256904684,-0.30073011803660143,-0.2811863464594166,0.001998001998001998,-0.336263003606851,-0.3469385274876709,-0.3260126535047608,0.001998001998001998,-0.336263003606851,-0.3469385274876709,-0.3260126535047608,0.001998001998001998,-0.336263003606851,-0.3469385274876709,-0.3260126535047608,0.001998001998001998,0.017982017982017984,1.6010936482209694,0.6423232942252426,64.23232942252426
L2:P2WPKH,Ward (sample + NC),275948,0.6245730854726297,0.7991765938945825,1.279558728025609,1.3097648708361334,1.3097648708361334,1.3097648708361334,0.8180423341442955,2.0,0.5634310567027927,1.2717108934527717,1.2880276672158206,1.3010577922945596,1.318757942705073,1.3010577922945596,1.318757942705073,1.3010577922945596,1.318757942705073,-0.03812519821593008,-0.04372409636503507,-0.03221389253259993,0.001998001998001998,-0.0506539002900408,-0.05744013001179641,-0.04315359672746562,0.001998001998001998,-0.0506539002900408,-0.05744013001179641,-0.04315359672746562,0.001998001998001998,-0.0506539002900408,-0.05744013001179641,-0.04315359672746562,0.001998001998001998,0.017982017982017984,1.6010936482209694,0.7991765938945825,79.91765938945825
L2:P2WPKH,VKV-partial (K*),275948,0.6245730854726297,0.6359394675391341,1.0181971485900214,1.036241523207074,1.036241523207074,1.0050613139763604,0.6472103973125747,1.0,0.4090416061073324,1.0126120054694854,1.023239719363454,1.0236487446821882,1.0472252966388158,1.0236487446821882,1.0472252966388158,1.0040192372105177,1.0061159031613631,-0.29948677765151777,-0.3113293842008676,-0.28832956746985366,0.001998001998001998,-0.3241772479191001,-0.3421915661211004,-0.30700238917915457,0.001998001998001998,-0.3241772479191001,-0.3421915661211004,-0.30700238917915457,0.001998001998001998,-0.3553574571498137,-0.36545289764945227,-0.3452304369214526,0.001998001998001998,0.017982017982017984,1.6010936482209694,0.6359394675391341,63.593946753913414
L2:P2WSH,ZSH,11386,0.021586672229743996,0.07102628617395197,3.2892334399969383,3.300132533326604,3.300132533326604,3.300132533326604,0.07125159078059126,3.5,0.19574594482052782,3.072180076149848,3.467875680206878,3.1612851155491826,3.4386508895515027,3.1601295219378813,3.425697218979322,3.1601295219378813,3.425697218979322,,,,,,,,,,,,,,,,,,46.32487997024909,0.07102628617395197,7.102628617395197
L2:P2WSH,K-means++ (K*),11386,0.02158667222974399,0.06614733473091543,3.063605228501106,3.3167166726736443,3.3167166726736443,3.3167166726736443,0.07160588009396372,3.5,0.19698678237406392,2.875560706073641,3.2070298688530308,3.176654875013779,3.4333089333910642,3.176654875013779,3.4296680748728705,3.176654875013779,3.4296680748728705,-0.22562821149583234,-0.3342901159253634,-0.110680341555499,0.001998001998001998,0.016584139347040505,-0.05345996193137829,0.06438905630055676,0.7372627372627373,0.016584139347040505,-0.04657695676283434,0.06756339713947421,0.7152847152847153,0.016584139347040505,-0.04657695676283434,0.06756339713947421,0.7152847152847153,0.017982017982017984,46.32487997024911,0.06614733473091543,6.614733473091543
L2:P2WSH,MiniBatchKMeans,11386,0.02158667222974396,0.05939528252819855,2.751517404826958,3.7149356577712895,3.7149356577712895,3.4631454801727273,0.08018584946972701,2.5,0.11692908753416566,2.5431909295773716,2.9315413439784646,3.4947812274469396,3.9033383973008253,3.4947812274469396,3.9033383973008253,2.9382285505957446,3.7172720689443404,-0.5377160351699803,-0.7240996053090207,-0.30744140845665924,0.001998001998001998,0.4148031244446857,0.21690331640933583,0.5840135010521122,0.003996003996003996,0.4148031244446857,0.22730014238348314,0.5849824143329398,0.001998001998001998,0.16301294684612344,-0.3430151124629399,0.42119808104802253,0.5314685314685315,0.017982017982017984,46.32487997024917,0.05939528252819855,5.939528252819855
L2:P2WSH,GMM (diag),11386,0.02158667222974397,0.09568279172642552,4.432066070574971,6.551815002614097,4.284528402711459,4.284528402711459,0.0924870999291876,3.0,0.1499858107803225,4.173077728121561,4.648153841226241,5.961343891595391,7.092710638324787,4.086067561917677,4.44389870359267,4.013398589107254,4.431818751420809,1.1428326305780323,0.915287860742882,1.3646195728162853,0.001998001998001998,3.251682469287493,2.682367203903423,3.804931779005276,0.001998001998001998,0.9843958693848549,0.7873178838966574,1.1299501070982627,0.001998001998001998,0.9843958693848549,0.7187506324677962,1.1279536152405896,0.001998001998001998,0.017982017982017984,46.32487997024915,0.09568279172642552,9.568279172642551
L2:P2WSH,BIRCH,11386,0.021586672229744024,0.02804634427319756,1.2998166114402503,2.2429931212620096,1.019159214298687,1.019159214298687,0.02200098915236657,11.0,0.9468557688266406,1.2254721058615707,1.3576806971965354,1.997352917805404,2.4155018924300524,1.0079699905785362,1.0252572438472785,1.0079699905785362,1.025099766439337,-1.989416828556688,-2.1742791335867833,-1.7732798321754608,0.001998001998001998,-1.0571394120645943,-1.3403716080917558,-0.8155641403934402,0.001998001998001998,-2.280973319027917,-2.411221859590203,-2.1417809542878623,0.001998001998001998,-2.280973319027917,-2.411221859590203,-2.142886332004884,0.001998001998001998,0.017982017982017984,46.324879970249036,0.02804634427319756,2.804634427319756
L2:P2WSH,Ward (sample + NC),11386,0.021586672229743975,0.07906543581806286,3.661708946132675,7.327724281709157,3.3040998698882276,3.3040998698882276,0.07134269983960823,3.0,0.2098865415754549,3.4114697934392453,3.88110702621527,6.528195549656812,8.000382715591318,3.166860385806775,3.413122294185325,3.166860385806775,3.413122294185325,0.37247550613573654,0.22414207193076183,0.548652483203812,0.001998001998001998,4.027591748382553,3.2688513749644788,4.682316406467354,0.001998001998001998,0.0039673365616237355,-0.07107014779216662,0.05990055287288456,0.8991008991008991,0.0039673365616237355,-0.07107014779216662,0.05990055287288456,0.8991008991008991,0.017982017982017984,46.32487997024914,0.07906543581806286,7.906543581806286
L2:P2WSH,VKV-partial (K*),11386,0.021586672229743985,0.0364511674250346,1.6887708892024391,1.6491422806820797,1.6491422806820797,1.6491422806820797,0.03560004847884597,5.0,0.5611822078956021,1.6112863419473347,1.771792100911646,1.6097818757330573,1.680537751163741,1.6097818757330573,1.680537751163741,1.6097818757330573,1.680537751163741,-1.6004625507944992,-1.7866770759309294,-1.3718231613112835,0.001998001998001998,-1.6509902526445241,-1.7889673667374713,-1.5235701402984423,0.001998001998001998,-1.6509902526445241,-1.7741074540219668,-1.5226092016860504,0.001998001998001998,-1.6509902526445241,-1.7741074540219668,-1.5226092016860504,0.001998001998001998,0.017982017982017984,46.324879970249114,0.0364511674250346,3.64511674250346
L2:P2TR,ZSH,116926,0.2541420198748082,0.6226212976371881,2.4498473643859153,3.7929364671805987,2.585321605148488,2.585321605148488,0.6570499821984237,3.0,0.23286354665499007,2.4084217818757345,2.4896243587202553,3.7150374072125834,3.873023927518851,2.543364815765939,2.625890588228176,2.543364815765939,2.625890588228176,,,,,,,,,,,,,,,,,,3.934807791693029,0.6226212976371881,62.26212976371881
L2:P2TR,K-means++ (K*),116926,0.254142019874808,0.5317726065317929,2.0924153492396176,3.495811959691302,2.306568207433272,2.306568207433272,0.5861966153898084,5.5,0.24176222154635607,2.047220272618442,2.1348995895824796,3.4148616898174065,3.5795469974604748,2.2666701803354248,2.3452043557174633,2.2666701803354248,2.3452043557174633,-0.35743201514629774,-0.38354123061345896,-0.33302054430249556,0.001998001998001998,-0.29712450748929653,-0.3512383579005921,-0.24999066987948412,0.001998001998001998,-0.27875339771521634,-0.2962058414312282,-0.25969437716475763,0.001998001998001998,-0.27875339771521634,-0.2962058414312282,-0.25969437716475763,0.001998001998001998,0.017982017982017984,3.934807791693032,0.5317726065317929,53.17726065317929
L2:P2TR,MiniBatchKMeans,116926,0.2541420198748079,0.4315580735743905,1.6980716609160706,3.4437220233041916,1.779674164613491,1.1251997978352781,0.45228754618545475,9.5,0.1941578863158557,1.6601687379557286,1.733964294145684,3.3642664475473647,3.527753687851626,1.7394964563118696,1.8284268776578807,1.1114961190379438,1.1351413164658422,-0.7517757034698447,-0.7916995606996532,-0.7210702502343042,0.001998001998001998,-0.3492144438764071,-0.3991663915065054,-0.2991130946772537,0.001998001998001998,-0.8056474405349972,-0.8457269448608219,-0.7564762344604109,0.001998001998001998,-1.46012180731321,-1.5027123322777607,-1.4200591413564707,0.001998001998001998,0.017982017982017984,3.934807791693034,0.4315580735743905,43.15580735743905
L2:P2TR,GMM (diag),116926,0.2541420198748082,0.4713680760108539,1.8547193256106649,2.855624643574691,2.593161673483838,1.508694212980374,0.6590601168207033,8.0,0.09979545230108505,1.8222613702068617,1.8863910797907986,2.7903536593993077,2.916894194469466,2.023409742156783,2.718888913464679,1.4878331516822831,1.5277365102438172,-0.5951280387752504,-0.6308406227193356,-0.5601283719842799,0.001998001998001998,-0.9373118236059077,-0.9896746430784298,-0.8901624542141524,0.001998001998001998,0.00784006833534967,-0.5586077354075505,0.1296705582708854,0.935064935064935,-1.0766273921681142,-1.123918979704147,-1.0291137185774897,0.001998001998001998,0.017982017982017984,3.934807791693029,0.4713680760108539,47.13680760108539
L2:P2TR,BIRCH,116926,0.2541420198748088,0.27951666293691013,1.0999088197054003,1.0680860112190693,1.0680860112190693,1.0680860112190693,0.2714374206662235,5.5,0.8562270113814683,1.084254880600396,1.1071723274969982,1.057991410702957,1.0733586377742115,1.057991410702957,1.0733586377742115,1.057991410702957,1.0733586377742115,-1.349938544680515,-1.3950257380193283,-1.312448502940356,0.001998001998001998,-2.7248504559615294,-2.804579972885371,-2.6480600559469645,0.001998001998001998,-1.5172355939294189,-1.5580004197032675,-1.4781728324520067,0.001998001998001998,-1.5172355939294189,-1.5580004197032675,-1.4781728324520067,0.001998001998001998,0.017982017982017984,3.93480779169302,0.27951666293691013,27.951666293691012
L2:P2TR,Ward (sample + NC),116926,0.25414201987480767,0.5822225206195086,2.290917160033438,3.506347472269833,2.6342080200379168,2.6342080200379168,0.6694695613654891,3.5,0.22955042718886653,2.249056700370969,2.3351217355283747,3.41741161447042,3.5970469417751536,2.5915929035996044,2.676817333643715,2.5915929035996044,2.676817333643715,-0.1589302043524774,-0.18184217165694652,-0.13476903201229443,0.001998001998001998,-0.28658899491076584,-0.35567673096767166,-0.22647094588902392,0.001998001998001998,0.048886414889428575,0.035446022530521884,0.06434237880318247,0.001998001998001998,0.048886414889428575,0.035446022530521884,0.06434237880318247,0.001998001998001998,0.017982017982017984,3.9348077916930375,0.5822225206195086,58.22225206195086
L2:P2TR,VKV-partial (K*),116926,0.2541420198748079,0.28796716095159086,1.1331540930474415,1.2408722218864008,1.2408722218864008,1.2408722218864008,0.31532993079398275,1.0,0.4090416061073324,1.1188933197118593,1.1505104929100243,1.2154772379875016,1.270240011190313,1.2154772379875016,1.270240011190313,1.0228854069132272,1.2694370437798232,-1.3166932713384738,-1.3658165399697588,-1.2664932060916338,0.001998001998001998,-2.552064245294198,-2.64206205245699,-2.4622297378559317,0.001998001998001998,-1.3444493832620874,-1.3978200550234223,-1.2880855805632627,0.001998001998001998,-1.3444493832620874,-1.5631633204369242,-1.2885184803365342,0.001998001998001998,0.017982017982017984,3.934807791693034,0.28796716095159086,28.796716095159088
L2:mixed,ZSH,6935,0.01326996454273581,0.10452946369637744,7.878334234037894,10.454252349296274,9.420902302836701,8.418862906481067,0.12501157853914746,5.5,0.04473926189860905,7.279225743115845,8.240258743332713,9.04586917155607,13.61324020767063,8.882619374052915,10.239828926765828,8.141247093681612,9.161030467347516,,,,,,,,,,,,,,,,,,75.35815161973557,0.10452946369637744,10.452946369637745
L2:mixed,K-means++ (K*),6935,0.013269964542735806,0.13297658832190315,10.021051951068408,25.73983633108941,10.462892180501738,7.623328438604972,0.13886333771615358,6.0,0.03324707846259125,9.296180672189793,10.753929340075809,24.002148628919706,27.733695175229606,9.801265175015354,14.32136243613566,7.146079260933777,8.654148292865345,2.1427177170305143,1.5710992948628193,2.9367897693833727,0.001998001998001998,15.285583981793136,11.68042526121142,17.438971684381677,0.001998001998001998,1.0419898776650367,0.23111508671754974,4.971991637243214,0.013986013986013986,-0.7955344678760952,-1.5945313650571449,0.10122991859475396,0.1018981018981019,0.017982017982017984,75.35815161973558,0.13297658832190315,13.297658832190315
L2:mixed,MiniBatchKMeans,6935,0.013269964542735796,0.12822331279754448,9.66306933247117,18.837582964133766,9.623862928321978,6.118773432704717,0.1277022956340198,6.0,0.04296218298047981,8.989803178558084,10.321324138780001,17.46930735795441,28.127432231336755,9.05989028961756,10.066068254994276,4.987734527716159,9.142843213371336,1.784735098433277,1.2395172706830895,2.509844651776119,0.001998001998001998,8.383330614837492,5.653858481502905,17.329743761439197,0.001998001998001998,0.20296062548527694,-0.6201079649514043,0.7230971336941083,0.6153846153846154,-2.3000894737763495,-3.5084848172776084,0.5627428277445734,0.32967032967032966,0.017982017982017984,75.35815161973564,0.12822331279754448,12.822331279754447
L2:mixed,GMM (diag),6935,0.013269964542735796,0.14068150362023327,10.603548331879715,16.250195313214064,14.53041493898512,10.19002055696135,0.19276585675723312,3.0,0.023713561513535,9.757154717616302,11.243223589545304,13.565173880681334,17.719425591028788,13.28550180416501,15.617043218940811,9.54158804264475,11.79734870333621,2.725214097841821,2.0111282783895,3.578205562732749,0.001998001998001998,5.79594296391779,1.5844917365506261,7.638673454371117,0.003996003996003996,5.109512636148418,3.7734507435125324,6.267061530963798,0.001998001998001998,1.7711576504802835,0.8137131209150326,3.325875109776281,0.001998001998001998,0.017982017982017984,75.35815161973564,0.14068150362023327,14.068150362023326
L2:mixed,BIRCH,6935,0.013269964542735813,0.1152034115884838,8.681773475817533,18.578369425659545,13.848845828145823,7.7161719534687485,0.1837662044959068,5.0,0.02019686718956759,8.077062286582336,9.299381497077075,17.250178695917196,19.95064690879279,10.564382666922693,15.625420687244063,7.469548873080107,8.790790894883033,0.803439241779639,0.358948391447315,1.5115587341187504,0.001998001998001998,8.124117076363271,4.8939263670753785,9.967601318713086,0.001998001998001998,4.4279435253091215,1.106686856204473,6.065415087156219,0.005994005994005994,-0.7026909530123184,-1.302769338059787,0.10827950134324114,0.06793206793206794,0.017982017982017984,75.35815161973554,0.1152034115884838,11.52034115884838
L2:mixed,Ward (sample + NC),6935,0.013269964542735796,0.10726963222356337,8.083795800868286,13.542428330002023,12.813938337453092,7.913490237100584,0.17002386469791153,4.0,0.02137331076685379,7.662425026669702,8.619747665655002,12.534706931765289,14.692013600903389,11.052302871330902,13.850953323332732,7.469128511563721,8.280800142658718,0.20546156683039207,-0.0669018842516665,0.8257719227717557,0.12187812187812187,3.088175980705749,-0.2374216706690529,4.84083105634332,0.07992007992007992,3.39303603461639,1.6092714124997134,4.482616169962706,0.001998001998001998,-0.505372669380483,-1.3216444863038639,-0.2271601675005306,0.001998001998001998,0.12187812187812187,75.35815161973564,0.10726963222356337,10.726963222356337
L2:mixed,VKV-partial (K*),6935,0.013269964542735796,0.03355538783786986,2.529075903809116,7.224416886879532,1.3646648215317476,1.3646648215317476,0.018108902386340192,8.5,0.586453963691588,2.2814538589767976,2.7440745318827293,6.637861266259425,7.8452021119548165,1.3334416086107728,1.3911917866115802,1.3334416086107728,1.3911917866115802,-5.3492583302287775,-5.660113191662262,-4.803606915517703,0.001998001998001998,-3.229835462416742,-6.2372012121851155,-1.9245758636487853,0.001998001998001998,-8.056237481304954,-8.879691537969693,-7.531307172770215,0.001998001998001998,-7.054198084949319,-7.795223660632926,-6.779885213019093,0.001998001998001998,0.017982017982017984,75.35815161973564,0.03355538783786986,3.355538783786986
L3:runes,ZSH,137087,0.3919723086617889,0.5301598217205679,1.3525617195697026,1.3946868770991523,1.3946868770991523,1.3946868770991523,0.5466697324159708,1.0,0.4496742942291835,1.3377801260784328,1.366378851576341,1.3777605133787094,1.411855233897045,1.3777605133787094,1.411855233897045,1.3777605133787094,1.411855233897045,,,,,,,,,,,,,,,,,,2.5512006279577375,0.5301598217205679,53.01598217205679
L3:runes,K-means++ (K*),137087,0.3919723086617891,0.5103848321951266,1.3020928310413873,1.326699885598729,1.326699885598729,1.326699885598729,0.5200268885702154,1.5,0.5513370242080751,1.2903345701446944,1.3141135033529918,1.3133413924050223,1.3402699658613284,1.3133413924050223,1.3402699658613284,1.3133413924050223,1.3402699658613284,-0.050468888528315325,-0.05840166333582437,-0.03977912240979317,0.001998001998001998,-0.0679869915004232,-0.07693749601582092,-0.05654517409995892,0.001998001998001998,-0.0679869915004232,-0.07693749601582092,-0.05654517409995892,0.001998001998001998,-0.0679869915004232,-0.07693749601582092,-0.05654517409995892,0.001998001998001998,0.017982017982017984,2.551200627957736,0.5103848321951266,51.03848321951266
L3:runes,MiniBatchKMeans,137087,0.39197230866178867,0.5859151229701428,1.4947791191850008,1.51509293883293,1.51509293883293,1.51509293883293,0.5938651735761888,2.0,0.5826051577745557,1.474266245665857,1.507991192377977,1.500015663140685,1.5283709986334744,1.500015663140685,1.5283709986334744,1.500015663140685,1.5283709986334744,0.14221739961529822,0.12285363980633321,0.15782935083570973,0.001998001998001998,0.12040606173377766,0.10512715108019023,0.13505899371805485,0.001998001998001998,0.12040606173377766,0.10512715108019023,0.13505899371805485,0.001998001998001998,0.12040606173377766,0.10512715108019023,0.13505899371805485,0.001998001998001998,0.017982017982017984,2.5512006279577393,0.5859151229701428,58.59151229701428
L3:runes,GMM (diag),137087,0.3919723086617891,0.9619861414155764,2.454286695363118,2.4553463038392254,2.4553463038392254,2.4553463038392254,0.9624016064085408,1.0,0.3962350921217088,2.4119002813669645,2.4980210830021363,2.4129402683155474,2.499331237907189,2.4129402683155474,2.499331237907189,2.4129402683155474,2.499331237907189,1.1017249757934153,1.064910859611935,1.1421571306964993,0.001998001998001998,1.060659426740073,1.022646510487482,1.1012956459974943,0.001998001998001998,1.060659426740073,1.022646510487482,1.1012956459974943,0.001998001998001998,1.060659426740073,1.022646510487482,1.1012956459974943,0.001998001998001998,0.017982017982017984,2.551200627957736,0.9619861414155764,96.19861414155764
L3:runes,BIRCH,137087,0.39197230866178945,0.4452226336408439,1.1358643080458393,1.1373906613441613,1.1373906613441613,1.1373906613441613,0.4458207973010867,1.0,0.8453139531736872,1.1312718583713,1.1410221705048131,1.132709158267299,1.142559597770731,1.132709158267299,1.142559597770731,1.132709158267299,1.142559597770731,-0.21669741152386335,-0.22922771246570559,-0.2031483430349918,0.001998001998001998,-0.25729621575499095,-0.2722589770386204,-0.24186152476007824,0.001998001998001998,-0.25729621575499095,-0.2722589770386204,-0.24186152476007824,0.001998001998001998,-0.25729621575499095,-0.2722589770386204,-0.24186152476007824,0.001998001998001998,0.017982017982017984,2.551200627957734,0.4452226336408439,44.52226336408439
L3:runes,Ward (sample + NC),137087,0.3919723086617889,0.5032667917956831,1.2839247534360303,1.2844946047504153,1.2844946047504153,1.2844946047504153,0.5034875661214055,2.5,0.5765640662838257,1.2717007299230676,1.29419352930018,1.2724159371249735,1.2961422653371024,1.2724159371249735,1.2961422653371024,1.2724159371249735,1.2961422653371024,-0.06863696613367232,-0.08114641623461871,-0.05487495238667097,0.001998001998001998,-0.11019227234873696,-0.12111640539588887,-0.09925804582368818,0.001998001998001998,-0.11019227234873696,-0.12111640539588887,-0.09925804582368818,0.001998001998001998,-0.11019227234873696,-0.12111640539588887,-0.09925804582368818,0.001998001998001998,0.017982017982017984,2.5512006279577375,0.5032667917956831,50.32667917956831
L3:runes,VKV-partial (K*),137087,0.39197230866178867,0.9565582372010497,2.4404381078271613,2.4419528809477473,2.4419528809477473,2.4419528809477473,0.9571510080177956,1.0,0.4090416061073324,2.3983307822780238,2.4841527851800014,2.3992648981945326,2.4853341720956825,2.3992648981945326,2.4853341720956825,2.3992648981945326,2.4853341720956825,1.0878763882574587,1.0516742636964274,1.1284367657781285,0.001998001998001998,1.047266003848595,1.009705244528634,1.0875951339991923,0.001998001998001998,1.047266003848595,1.009705244528634,1.0875951339991923,0.001998001998001998,1.047266003848595,1.009705244528634,1.0875951339991923,0.001998001998001998,0.017982017982017984,2.5512006279577393,0.9565582372010497,95.65582372010498
L3:other_opreturn,ZSH,9245,0.01761385483912993,0.05882290977767547,3.340957152017552,8.697564059309014,2.6880884385499133,2.6880884385499133,0.04733856787040866,4.0,0.22346543912413075,2.9360576405481935,3.7824301217275975,7.0521529078003855,9.9052710819606,2.5320929969867776,4.773826103528437,2.5019285360155386,2.856528575848427,,,,,,,,,,,,,,,,,,56.77348934308561,0.05882290977767547,5.882290977767547
L3:other_opreturn,K-means++ (K*),9245,0.017613854839129924,0.046958599430746095,2.66609472349674,5.653369207975862,2.80095495621867,2.80095495621867,0.04933272926004402,4.5,0.21722325900382633,2.4173723473024227,2.9697035116806196,4.627603714292041,6.3492760340572625,2.6330642914131515,3.002791994061193,2.6330642914131515,3.002791994061193,-0.6748624285208118,-1.0774641874285675,-0.294919918999688,0.001998001998001998,-3.0441948513331525,-4.687780020971945,-1.268780143371629,0.001998001998001998,0.11286651766875666,-1.8944692817203015,0.23657581489306517,0.999000999000999,0.11286651766875666,0.009241505842333212,0.2662744704907776,0.04195804195804196,0.017982017982017984,56.77348934308563,0.046958599430746095,4.695859943074609
L3:other_opreturn,MiniBatchKMeans,9245,0.01761385483912991,0.04922710011094304,2.7938779952038444,4.100043287517025,3.6776908255533662,3.687122903360134,0.06478196683060988,3.5,0.13140062953536463,2.482518319345197,3.1200942490127326,3.5159586071281836,4.576309999102917,3.4229413320690445,3.9729422845408258,3.014726202061881,3.9448348628410974,-0.5470791568137074,-0.9835941433002354,-0.156943657499179,0.001998001998001998,-4.59752077179199,-6.050874018716854,-3.0639348812708813,0.001998001998001998,0.9896023870034529,-0.9397113961161797,1.193283038099217,0.7472527472527473,0.9990344648102205,0.4575775337953663,1.1890991753841715,0.003996003996003996,0.017982017982017984,56.77348934308568,0.04922710011094304,4.9227100110943045
L3:other_opreturn,GMM (diag),9245,0.017613854839129917,0.06557172634315296,3.7224620197748908,10.709087853300545,2.434339261488084,2.434339261488084,0.04287590641948658,2.0,0.4108008167989812,3.4393000219038408,4.103159742206378,9.495134890566417,12.063643600050051,2.3925728364074352,2.4775224465781265,2.3925728364074352,2.4775224465781265,0.38150486775733894,-0.10525349629826228,0.8869502303534975,0.11988011988011989,2.0115237939915307,0.2682110492496461,4.2109963529156955,0.025974025974025976,-0.2537491770618292,-2.3427159773101387,-0.09842772065317588,0.003996003996003996,-0.2537491770618292,-0.428482775427857,-0.07131244171043569,0.005994005994005994,0.11988011988011989,56.77348934308566,0.06557172634315296,6.557172634315296
L3:other_opreturn,BIRCH,9245,0.01761385483912994,0.05509074122016884,3.128921332712883,13.324297219019785,1.0817040372746671,1.0817040372746671,0.019052322894017967,5.0,0.9027993016169762,2.6885633856817206,3.649969354040382,11.55938871896535,15.202986736968477,1.0747904693243644,4.408171021458763,1.074052822174167,1.0879720440596914,-0.21203581930466875,-0.7335172781430579,0.36648400370879475,0.48151848151848153,4.626733159710771,2.673895354032383,7.184545614572392,0.003996003996003996,-1.6063844012752462,-3.0748927015400254,0.6699136297682817,0.1938061938061938,-1.6063844012752462,-1.776119875057143,-1.42260075220787,0.001998001998001998,0.48151848151848153,56.77348934308558,0.05509074122016884,5.509074122016884
L3:other_opreturn,Ward (sample + NC),9245,0.01761385483912991,0.05300132021509278,3.010504455491289,6.444849334456581,2.6424202507114036,2.6424202507114036,0.046544073355979855,5.0,0.22642768723359918,2.6474329548052298,3.4185382255332204,5.523335685974554,7.222687780786858,2.4839994339104536,3.7338008046597584,2.458920466026868,2.7768523041005446,-0.33045269652626263,-0.6334727932625397,-0.013947789436264799,0.03196803196803197,-2.2527147248524333,-3.537074886922919,-0.6923220729614861,0.001998001998001998,-0.04566818783850968,-1.6688074963635529,0.39692679213248755,0.3076923076923077,-0.04566818783850968,-0.1895054088773709,0.09736276663627004,0.46553446553446554,0.06393606393606394,56.77348934308568,0.05300132021509278,5.300132021509278
L3:other_opreturn,VKV-partial (K*),9245,0.01761385483912992,0.04248752582733231,2.412121518848599,2.424138785955913,2.424138785955913,2.424138785955913,0.04269803757938945,1.0,0.4090416061073324,2.358979679765169,2.479151788262209,2.376296258568017,2.473986260559667,2.376296258568017,2.473986260559667,2.376296258568017,2.473986260559667,-0.9288356331689527,-1.3837818731547498,-0.5137027746907026,0.001998001998001998,-6.2734252733531015,-7.466012206042241,-4.637413722728291,0.001998001998001998,-0.2639496525940004,-2.3513794129875056,-0.10699001168292752,0.003996003996003996,-0.2639496525940004,-0.43602927424714993,-0.07779963255120163,0.005994005994005994,0.017982017982017984,56.77348934308564,0.04248752582733231,4.248752582733231
L4:exchange,ZSH,1936,0.0033220608372278426,0.0983353441463997,29.60115528846692,44.389716024863034,44.389716024863034,34.1497751499758,0.1474623990719533,1.0,0.006899329699038314,25.37298216400538,33.18362809606119,37.12433151497571,50.124659214128165,36.89799570057578,50.124659214128165,25.13388820349187,38.55250478275572,,,,,,,,,,,,,,,,,,301.0179671587439,0.0983353441463997,9.83353441463997
L4:exchange,K-means++ (K*),1936,0.003322060837227843,0.10561097818735365,31.791277592666436,47.90701538725479,47.90701538725479,36.68398883775201,0.15914739403335282,1.0,0.00746204092547206,27.32042531032192,36.02981941424092,40.997056903866344,53.49068193647393,40.99398745702904,53.49068193647393,27.309764227050565,43.52923186901626,2.190122304199516,-0.03751602204898286,4.310163470341895,0.055944055944055944,3.5172993623917534,-0.6124390856184518,7.029585882325986,0.07192807192807193,3.5172993623917534,0.2876120713793848,7.145928392949765,0.04795204795204795,2.5342136877762087,-1.5267816358041872,11.24201060521882,0.14585414585414586,0.055944055944055944,301.0179671587439,0.10561097818735365,10.561097818735366
L4:exchange,MiniBatchKMeans,1936,0.0033220608372278386,0.07814002863904952,23.521543198013724,34.20789204464058,32.386175647467,23.236474041519955,0.10758895665660424,2.0,0.008529948171204308,20.084192449188507,26.377277923924627,26.153588405737583,39.91917365067875,27.508020196180134,39.640415835034695,21.492137317407455,24.56261226026416,-6.079612090453196,-9.329578523253653,-3.3392134858220937,0.001998001998001998,-10.181823980222454,-17.94560135733636,-3.3733597316808686,0.025974025974025976,-12.003540377396035,-17.490515785361353,-4.029163869151247,0.015984015984015984,-10.913301108455848,-14.805490776997422,-2.8502506823377547,0.001998001998001998,0.017982017982017984,301.0179671587443,0.07814002863904952,7.814002863904952
L4:exchange,GMM (diag),1936,0.0033220608372278413,0.10973586335899822,33.032590830708884,48.084046165243976,48.084046165243976,41.52790327458973,0.15973791567316126,1.0,0.009383794250132117,29.026653715623006,37.31435294520682,43.21034411091882,53.3326920902337,43.21034411091882,53.3326920902337,31.20297465591147,51.31535530311177,3.431435542241964,0.978632616247339,6.789431649764917,0.00999000999000999,3.6943301403809414,-0.2917219526897066,9.472155721263094,0.055944055944055944,3.6943301403809414,0.02966464115170348,9.490796001593509,0.05194805194805195,7.37812812461393,0.9824986069508534,17.59407988872377,0.03796203796203796,0.01998001998001998,301.017967158744,0.10973586335899822,10.973586335899823
L4:exchange,BIRCH,1936,0.003322060837227846,0.1422098124779818,42.8083981919681,95.47411600082467,78.29331525666447,34.983648003467366,0.26008768452462083,2.0,0.0036104449844673757,35.608519503709026,49.97893629453584,81.41923897718546,109.07044336485741,48.07871338380544,107.88247665163793,32.07031272248105,37.333144843809976,13.207242903501182,8.383550943761257,19.073182237495235,0.001998001998001998,51.08439997596163,38.85655870614136,63.73204169730857,0.001998001998001998,33.90359923180144,4.061755244702811,60.93848436636035,0.017982017982017984,0.8338728534915631,-2.7183308178179524,8.799371926504913,0.4435564435564436,0.017982017982017984,301.0179671587436,0.1422098124779818,14.220981247798182
L4:exchange,Ward (sample + NC),1936,0.00332206083722784,0.08254829997877913,24.848393480567676,43.29917357056135,40.402546538593114,23.542598547516498,0.13422130331545262,2.0,0.007638958564777464,20.612180449466315,28.61943101014551,34.3695951356934,50.964076831787395,30.26423920469841,48.70969953211615,17.454389728370572,29.03581274139903,-4.752761807899244,-8.379479417494606,-1.1528551802541696,0.01998001998001998,-1.0905424543016835,-10.43467037228587,8.432686975007314,0.6993006993006993,-3.98716948626992,-13.316136995222621,5.736691125977174,0.44955044955044954,-10.607176602459305,-15.903746721098042,-2.3570772674160936,0.007992007992007992,0.05994005994005994,301.01796715874417,0.08254829997877913,8.254829997877913
L4:exchange,VKV-partial (K*),1936,0.0033220608372278386,0.055960277390315755,16.84506066469597,25.74814475242504,25.74814475242504,23.202050907994987,0.08553642694851919,2.5,0.016774612187813585,13.669379011661096,19.954556686110767,22.440526077291405,29.43552652331733,22.598525642661528,28.883317382947602,18.21038132392965,27.546460784710224,-12.756094623770949,-15.712031169358458,-9.188929984859797,0.001998001998001998,-18.641571272437993,-22.87338234465065,-11.810490632236847,0.003996003996003996,-18.641571272437993,-22.926178012464963,-12.640869641748592,0.001998001998001998,-10.947724241980815,-14.25080343578932,-2.217322047195484,0.003996003996003996,0.017982017982017984,301.0179671587443,0.055960277390315755,5.596027739031576
