period,method,profile,matched_to,jaccard,share
test,ZSH,0,15,0.2209505504106238,0.01916518670706086
test,ZSH,1,0,0.15366800354313273,0.056993728066611724
test,ZSH,2,24,0.17444401714612665,0.03884884292308466
test,ZSH,3,19,0.13412741105048798,0.04660344433997671
test,ZSH,4,2,0.2542358704743697,0.048892061612749706
test,ZSH,5,4,0.21111418286701228,0.09687912309007828
test,ZSH,6,1,0.12118679219195817,0.06321884443206309
test,ZSH,7,5,0.2305319969159599,0.11977690334412833
test,ZSH,8,18,0.0007646167029200448,0.01875544102796253
test,ZSH,9,31,0.27252691668473156,0.009145569987579948
test,ZSH,10,7,0.2686045824564912,0.15578693224686888
test,ZSH,11,3,0.1323438547024167,0.02880949340885964
test,ZSH,12,12,0.07705885560068697,0.01936444924222199
test,ZSH,13,23,0.0067155763358295005,0.021027033928799434
test,ZSH,14,11,0.017681453352895487,0.026196252316668795
test,ZSH,15,30,0.025655955456894357,0.028034497568223234
test,ZSH,16,10,0.013909135432571808,0.020467164242628254
test,ZSH,17,21,0.012205839273508446,0.018100002708422807
test,ZSH,18,13,0.01760983027164756,0.0134508014996924
test,ZSH,19,14,0.011428484470348332,0.011057329572494806
test,ZSH,20,28,0.008283306909881183,0.01537494244601533
test,ZSH,21,9,0.3480783123298867,0.02089277354103067
test,ZSH,22,6,0.2036136038317551,0.07358784769377798
test,ZSH,23,29,0.02050505949731446,0.007245417928985154
test,ZSH,24,16,0.0001874492324995314,0.005771649003880783
test,ZSH,25,36,0.00013689253935660506,0.0025370183360224102
test,ZSH,26,33,0.02381584184688868,0.00461979547538624
test,ZSH,27,22,0.29927362587988615,0.003525592660948025
test,ZSH,28,20,0.0006152520995477897,0.002602794318502784
test,ZSH,29,25,0.0004195070791819612,0.0020761995411157927
test,ZSH,30,35,0.05436189490033653,0.0011928667881587755
test,K-means++ (K*),0,13,0.2887827250143321,0.033468754473734104
test,K-means++ (K*),1,14,0.22912030717255394,0.061127942024275204
test,K-means++ (K*),2,17,0.3317235621169282,0.039944980325242886
test,K-means++ (K*),3,4,0.07248667621885116,0.043479472089702965
test,K-means++ (K*),4,1,0.554008019879647,0.2026217532781589
test,K-means++ (K*),5,2,0.28302084070102496,0.04782494302639165
test,K-means++ (K*),6,5,0.3741355660157206,0.03517003091471176
test,K-means++ (K*),7,3,0.19993009889711594,0.03233315148208765
test,K-means++ (K*),8,25,0.0,0.04735058211744495
test,K-means++ (K*),9,6,0.37788379088347784,0.021487078888618047
test,K-means++ (K*),10,0,0.6261463873652857,0.2035925293960604
test,K-means++ (K*),11,23,0.4373726335686228,0.012144954788684983
test,K-means++ (K*),12,15,0.007200769851892,0.020222632354818866
test,K-means++ (K*),13,7,0.37745792254480093,0.029099681566861286
test,K-means++ (K*),14,8,0.4663278503379055,0.022748816999609213
test,K-means++ (K*),15,11,0.04700529527773033,0.025323366337399837
test,K-means++ (K*),16,22,0.0,0.017184168881769605
test,K-means++ (K*),17,21,0.0,0.020443949189988122
test,K-means++ (K*),18,19,0.004911875180583647,0.012149984716757012
test,K-means++ (K*),19,18,0.00018880230682091244,0.008754009433049723
test,K-means++ (K*),20,9,0.47541411552517915,0.01840373298046453
test,K-means++ (K*),21,10,0.2937085866520937,0.009645854371974788
test,K-means++ (K*),22,28,0.0,0.010462250389819426
test,K-means++ (K*),23,16,0.0013604600828643868,0.004277760366488297
test,K-means++ (K*),24,20,0.44132616487455195,0.004976533450956267
test,K-means++ (K*),25,24,0.7510886605121059,0.0033557358591310604
test,K-means++ (K*),26,27,0.14315627066343398,0.005171926810677376
test,K-means++ (K*),27,26,0.5699278438030561,0.0022147160218685797
test,K-means++ (K*),28,12,0.0002456474345196057,0.003239273678386399
test,K-means++ (K*),29,29,0.32014507088691063,0.0009162207441972041
test,K-means++ (K*),30,30,0.0005648121999435188,0.0008632130406689031
test,MiniBatchKMeans,0,6,0.6275337609266326,0.013036412810066046
test,MiniBatchKMeans,1,28,0.00045036202177904547,0.01580790317775379
test,MiniBatchKMeans,2,30,0.0011897901135877749,0.0062970830286357676
test,MiniBatchKMeans,3,8,0.29987380605295794,0.03293093908757105
test,MiniBatchKMeans,4,7,0.4269869726305725,0.007180415781592785
test,MiniBatchKMeans,5,23,0.3818095106229135,0.019576480056335194
test,MiniBatchKMeans,6,1,0.2945763695348285,0.04192251589263812
test,MiniBatchKMeans,7,29,0.6513816730667872,0.0033557358591310604
test,MiniBatchKMeans,8,21,0.5172881969587255,0.021826792492251976
test,MiniBatchKMeans,9,5,0.17658864659420676,0.030233349970787724
test,MiniBatchKMeans,10,13,0.5256867185192479,0.027383315341667536
test,MiniBatchKMeans,11,19,0.31900279827016026,0.026566145488734896
test,MiniBatchKMeans,12,2,0.004329125237403642,0.012855335399473018
test,MiniBatchKMeans,13,10,0.21789680031983905,0.05912835215687185
test,MiniBatchKMeans,14,20,0.46110040301384264,0.002155130720092241
test,MiniBatchKMeans,15,11,0.2115770369662814,0.04168688310834078
test,MiniBatchKMeans,16,3,0.07215205702138301,0.04728132387706856
test,MiniBatchKMeans,17,17,0.44992255445765184,0.1425547391595377
test,MiniBatchKMeans,18,14,0.0,0.0008852673406770283
test,MiniBatchKMeans,19,12,0.003398148229873695,0.030501870746325252
test,MiniBatchKMeans,20,27,0.35424237180596413,0.020873814581374564
test,MiniBatchKMeans,21,18,0.05925811913190703,0.004548215729745834
test,MiniBatchKMeans,22,4,0.3691216393729749,0.020236948303946945
test,MiniBatchKMeans,23,24,0.05457585892368501,0.012682770174848038
test,MiniBatchKMeans,24,15,0.1160214935848229,0.0008125268424046152
test,MiniBatchKMeans,25,22,0.39492320273254744,0.1518307003594464
test,MiniBatchKMeans,26,0,0.13357008335686613,0.13104703756582434
test,MiniBatchKMeans,27,16,0.00029941498917499654,0.002616336432542861
test,MiniBatchKMeans,28,9,0.43247008868345976,0.04082483082030389
test,MiniBatchKMeans,29,25,0.03946995223670626,0.027238995097754716
test,MiniBatchKMeans,30,26,0.0002871238025632325,0.004121832596255412
test,GMM (diag),0,7,0.18618262641229857,0.01514433958979002
test,GMM (diag),1,22,0.0,0.013258503480323309
test,GMM (diag),2,30,0.5910105914408047,0.03378680069490391
test,GMM (diag),3,1,0.23266815845671254,0.02709699635910591
test,GMM (diag),4,14,0.1316758427844452,0.04733974842621289
test,GMM (diag),5,10,0.5128483460961554,0.013362197382115897
test,GMM (diag),6,4,0.0,0.009610644875470588
test,GMM (diag),7,25,0.6055943916671646,0.03814117073510464
test,GMM (diag),8,8,0.19370201898314612,0.0943835049312641
test,GMM (diag),9,13,0.3465362749456051,0.005731409579304555
test,GMM (diag),10,26,0.0065245514370887,0.00022673368078528786
test,GMM (diag),11,17,0.42163547565104925,0.39159808553199227
test,GMM (diag),12,21,0.162467688438366,0.06811992896193893
test,GMM (diag),13,5,0.19116707296868712,0.017189198809841634
test,GMM (diag),14,28,0.5607289604223883,0.03298510754373136
test,GMM (diag),15,0,0.17531956408465538,0.017500667432763403
test,GMM (diag),16,11,0.6177065280184865,0.010127179796713522
test,GMM (diag),17,23,0.0,0.008156995662654331
test,GMM (diag),18,16,0.1676320113743634,0.031217281285185316
test,GMM (diag),19,9,0.09962984435624136,0.0051800520791014226
test,GMM (diag),20,27,0.03293310463121784,0.02262500338552851
test,GMM (diag),21,29,0.07872495602556952,0.005436191493230878
test,GMM (diag),22,19,0.0,0.012774082715232556
test,GMM (diag),23,6,0.06313409792677548,0.006245236077739473
test,GMM (diag),24,2,0.1637244502145311,0.013138172124138625
test,GMM (diag),25,15,0.0,0.015174132240678189
test,GMM (diag),26,12,0.08103844889911271,0.007628853215091332
test,GMM (diag),27,3,0.0,0.0009142861564771931
test,GMM (diag),28,18,0.2352136392338455,0.012689347773096075
test,GMM (diag),29,20,0.3138788738627341,0.012410767141414493
test,GMM (diag),30,24,0.202367758186398,0.010807380839069385
test,BIRCH,0,3,0.2160734463276836,0.005319729312486216
test,BIRCH,1,13,0.38905497018704566,0.011354095328744492
test,BIRCH,2,4,0.2572590011614402,0.0010969112372462304
test,BIRCH,3,22,0.6236494442423757,0.45711483325788443
test,BIRCH,4,23,0.08389932081502198,0.0026000858956947686
test,BIRCH,5,21,0.006764086529257865,0.004836082382483469
test,BIRCH,6,29,0.0015248090554426067,0.00879231426990594
test,BIRCH,7,25,0.579619756563726,0.0027861932343598256
test,BIRCH,8,27,0.003299383158800746,0.002387668164037562
test,BIRCH,9,12,0.419029057406095,0.0030098315747930956
test,BIRCH,10,2,0.034678103860696,0.03602821402730864
test,BIRCH,11,14,0.03693179524851264,0.014159247522760425
test,BIRCH,12,19,5.141123849673539e-05,0.007515486374698688
test,BIRCH,13,8,0.024488079448775596,0.010513710423171717
test,BIRCH,14,24,0.06129032258064516,0.00016018386321690984
test,BIRCH,15,9,0.0,0.002458474074589964
test,BIRCH,16,5,0.25288239964369397,0.09933991866993225
test,BIRCH,17,30,0.0006788866259334691,0.00041554944225836033
test,BIRCH,18,1,0.14727873009981984,0.010500942144219646
test,BIRCH,19,11,0.39663979567403623,0.01840682832081655
test,BIRCH,20,15,0.30444254996684667,0.0017032110286976743
test,BIRCH,21,10,0.5177514792899408,0.00011065841758462853
test,BIRCH,22,7,0.0,0.00011878368600867469
test,BIRCH,23,18,0.0,0.001413022870696026
test,BIRCH,24,6,0.6077093323496865,0.0013259664232955315
test,BIRCH,25,28,0.0,0.0004232877931384043
test,BIRCH,26,17,0.0006127450980392157,0.00025962167202547463
test,BIRCH,27,0,0.10188344659132528,0.29002797413843134
test,BIRCH,28,20,0.0,0.0008732728968129602
test,BIRCH,29,26,0.0,0.004091653027823241
test,BIRCH,30,16,0.044535799931483384,0.0008562485248768635
test,Ward (sample + NC),0,9,9.388286101313018e-05,0.014454078691290098
test,Ward (sample + NC),1,16,0.07513299224070749,0.025061810077654352
test,Ward (sample + NC),2,13,0.7887737320003668,0.003338711487194964
test,Ward (sample + NC),3,2,0.6671717234786204,0.2354555760621854
test,Ward (sample + NC),4,26,0.021320768607818598,0.05759809327034316
test,Ward (sample + NC),5,7,0.40736144394994106,0.04114984155726573
test,Ward (sample + NC),6,23,0.0,0.04725037047354838
test,Ward (sample + NC),7,3,0.2868442530432216,0.01703830096768078
test,Ward (sample + NC),8,25,0.15907840860477906,0.0045772345455459985
test,Ward (sample + NC),9,12,0.028041948282393286,0.022787895671553437
test,Ward (sample + NC),10,19,0.7399940262843488,0.0019674757112511754
test,Ward (sample + NC),11,1,0.451734525469083,0.1782594901200605
test,Ward (sample + NC),12,21,0.07371514666765872,0.006494024058532886
test,Ward (sample + NC),13,20,0.3199566730815745,0.03415127702135398
test,Ward (sample + NC),14,30,0.024981407612737476,0.01144192561123299
test,Ward (sample + NC),15,29,0.14212599632799183,0.03464537072504478
test,Ward (sample + NC),16,11,0.38910459136216613,0.025319497161959813
test,Ward (sample + NC),17,5,0.0,0.0168839208676239
test,Ward (sample + NC),18,18,0.000447374617376972,0.0028426831957841466
test,Ward (sample + NC),19,27,0.1138771186440678,0.0007099936932440327
test,Ward (sample + NC),20,28,0.2667966636379414,0.03723346217687549
test,Ward (sample + NC),21,17,0.0,0.02268691019256886
test,Ward (sample + NC),22,6,0.2676264855687606,0.026556085632590837
test,Ward (sample + NC),23,8,0.48052347014008356,0.011550649441097608
test,Ward (sample + NC),24,10,0.46942775439385664,0.0061229701338347785
test,Ward (sample + NC),25,22,0.33471096275101997,0.023652269464854346
test,Ward (sample + NC),26,24,0.00043199032341675544,0.00999098482122475
test,Ward (sample + NC),27,15,0.33426155807555524,0.0048202187631793784
test,Ward (sample + NC),28,14,0.0014021841714979102,0.012217308369413394
test,Ward (sample + NC),29,4,0.0,0.007241548753545132
test,Ward (sample + NC),30,0,0.22504313861876163,0.05650002128046492
test,VKV-partial (K*),0,0,0.7869172805799681,0.29199274142687454
test,VKV-partial (K*),1,1,0.8453038674033149,6.577598248037361e-05
test,VKV-partial (K*),2,27,0.7875470844232731,0.3967011410198373
test,VKV-partial (K*),3,26,0.49504950495049505,2.398888772813626e-05
test,VKV-partial (K*),4,8,0.6885433340955865,0.0014079929426239974
test,VKV-partial (K*),5,29,0.613784538963055,0.007660580453699512
test,VKV-partial (K*),6,7,0.9310344827586207,1.0833691232061535e-05
test,VKV-partial (K*),7,5,0.4010416666666667,4.140017720823515e-05
test,VKV-partial (K*),8,3,0.71120246659815,0.0002723899509775472
test,VKV-partial (K*),9,23,0.7246315789473684,0.0045977411753781155
test,VKV-partial (K*),10,19,0.7948717948717948,2.7471145624156036e-05
test,VKV-partial (K*),11,30,0.013256017448314592,0.05342480064073545
test,VKV-partial (K*),12,28,0.29411764705882354,6.190680704035163e-06
test,VKV-partial (K*),13,22,0.4046242774566474,0.00016946988427296258
test,VKV-partial (K*),14,2,0.0,3.869175440021977e-07
test,VKV-partial (K*),15,14,0.3930013576078254,0.021335794128913187
test,VKV-partial (K*),16,21,0.6666666666666666,2.3215052640131864e-06
test,VKV-partial (K*),17,18,0.0,0.0015101391742405777
test,VKV-partial (K*),18,4,0.0,2.1280464920120875e-05
test,VKV-partial (K*),19,6,0.4782608695652174,8.899103512050547e-06
test,VKV-partial (K*),20,12,0.5019076184763047,0.015320773989855022
test,VKV-partial (K*),21,16,0.6597938144329897,9.827705617655822e-05
test,VKV-partial (K*),22,25,0.36357763493652895,0.02087690992172658
test,VKV-partial (K*),23,11,0.46153846153846156,6.384139476036262e-05
test,VKV-partial (K*),24,17,0.2519233670236838,0.0016389827163933095
test,VKV-partial (K*),25,15,0.5293815194365449,0.17741291453378372
test,VKV-partial (K*),26,20,0.35991692627206645,0.0016173153339291864
test,VKV-partial (K*),27,9,0.0,8.899103512050547e-06
test,VKV-partial (K*),28,24,0.31151848092195616,0.002923548962480606
test,VKV-partial (K*),29,13,0.0,0.0002832236422096087
test,VKV-partial (K*),30,10,0.7004249291784702,0.0004739739914026922
future,ZSH,0,17,0.13579181911222088,0.04392252118406833
future,ZSH,1,18,0.017295410775796688,0.007468125890363037
future,ZSH,2,34,0.07468858094964177,0.0001303986523698601
future,ZSH,3,30,0.321193721232981,0.0029231650964968462
future,ZSH,4,7,0.0950126202368991,0.008531904048853673
future,ZSH,5,3,0.09668269047281028,0.03411585821427965
future,ZSH,6,24,0.019367310212674245,0.006096585602611097
future,ZSH,7,14,0.05282859806313967,0.021621702561471817
future,ZSH,8,5,0.013789672773046133,0.010384049571618835
future,ZSH,9,36,0.17806119091932163,3.8899491063271204e-05
future,ZSH,10,2,0.2529701392118309,0.44966726110388583
future,ZSH,11,29,0.005455911800357764,0.0008629043739898685
future,ZSH,12,12,0.2601488114013536,0.18601945000526507
future,ZSH,13,13,0.05873685182627392,0.0223396381484619
future,ZSH,14,10,0.05618834257801489,0.013835732230114332
future,ZSH,15,16,0.0163241409981725,0.002513648350020653
future,ZSH,16,4,0.005246410140566853,0.011916977025809053
future,ZSH,17,9,0.2122086587021838,0.01871688760280218
future,ZSH,18,28,0.00580198548351681,0.0007045943962131199
future,ZSH,19,32,0.006046877449261077,0.0005917123457593678
future,ZSH,20,19,0.006016300474992338,0.01370935091157261
future,ZSH,21,26,0.000979111103764387,0.006899798587346883
future,ZSH,22,0,0.17660827277422025,0.11147001056736316
future,ZSH,23,15,0.2875620011958042,0.007405410740002607
future,ZSH,24,35,0.0002615042315180191,0.004475225860881762
future,ZSH,25,11,0.0023188362268340133,0.002937426485174597
future,ZSH,26,21,0.009698495860672663,0.0036464831133662975
future,ZSH,27,25,0.0027832592271343245,0.0029220338303973447
future,ZSH,28,27,0.0010326689029463807,0.0016986613155190048
future,ZSH,29,31,0.00048108692529214665,0.001153401366783409
future,ZSH,30,37,0.022185016483303163,0.001280181326074485
future,K-means++ (K*),0,8,0.1835292416674578,0.0494036795417358
future,K-means++ (K*),1,22,0.23413163881083016,0.002996563288333276
future,K-means++ (K*),2,25,0.3326167911783422,0.00026361645959275675
future,K-means++ (K*),3,6,0.04045008389603535,0.02734516328857013
future,K-means++ (K*),4,3,0.2803787883377719,0.04196254539535089
future,K-means++ (K*),5,9,0.020219303453508485,0.004945366234060177
future,K-means++ (K*),6,17,0.0028543898939067777,0.010085960662676755
future,K-means++ (K*),7,5,0.02271327447943705,0.02413007748336648
future,K-means++ (K*),8,18,0.0036524053326996413,0.004001994509155064
future,K-means++ (K*),9,30,0.0,0.010935560650723333
future,K-means++ (K*),10,0,0.34155268773864017,0.5497666241543816
future,K-means++ (K*),11,29,0.2219752025432622,5.016787984311472e-05
future,K-means++ (K*),12,4,0.26507588446151126,0.02110103267802546
future,K-means++ (K*),13,20,0.003940594794761271,0.0016954761892520698
future,K-means++ (K*),14,15,0.003551177457187324,0.0007131315324121817
future,K-means++ (K*),15,12,0.0035278393979236815,0.002472705082507095
future,K-means++ (K*),16,1,0.1528516344299093,0.18496425753746643
future,K-means++ (K*),17,2,0.06124370563069193,0.016164576842824938
future,K-means++ (K*),18,11,0.0022676321593705483,0.0006350272573093712
future,K-means++ (K*),19,10,0.007179529448310618,0.016805584746166124
future,K-means++ (K*),20,16,0.002515946280704896,0.0036018708883061804
future,K-means++ (K*),21,19,0.0019979233726869264,0.0010927892695714978
future,K-means++ (K*),22,7,0.4245442091286026,0.007462463053886541
future,K-means++ (K*),23,23,0.0005149610987541838,0.0042867890424815955
future,K-means++ (K*),24,28,0.0,0.004595309615518772
future,K-means++ (K*),25,13,0.443375278800017,0.0029942462240671527
future,K-means++ (K*),26,21,0.059146936507626376,0.0006748189518491152
future,K-means++ (K*),27,26,0.0,0.0014400162752562769
future,K-means++ (K*),28,14,0.0007400742089859357,0.0019793750110840766
future,K-means++ (K*),29,27,0.1406344899446468,0.0003182064860701688
future,K-means++ (K*),30,24,0.000983244138423418,0.0011150037681554074
future,MiniBatchKMeans,0,1,0.0,5.6876502000416587e-05
future,MiniBatchKMeans,1,28,0.002033368585681401,0.0025506805994036357
future,MiniBatchKMeans,2,29,0.6435107371814834,0.006905642020702266
future,MiniBatchKMeans,3,11,0.2759796601027567,0.04872549283018219
future,MiniBatchKMeans,4,19,0.0,0.005324655919213273
future,MiniBatchKMeans,5,17,0.13570013915389065,0.008894854303321762
future,MiniBatchKMeans,6,2,0.0,0.0002747958599357685
future,MiniBatchKMeans,7,13,0.5148858139674426,0.002944175244048837
future,MiniBatchKMeans,8,5,0.09070392096791163,0.0020538178180386944
future,MiniBatchKMeans,9,25,0.13962738179432382,0.02491682069766717
future,MiniBatchKMeans,10,4,0.5227890394812873,0.1120257041727183
future,MiniBatchKMeans,11,21,0.0013612994467418604,0.0008091529326210731
future,MiniBatchKMeans,12,22,0.3765120852445606,0.030922836800448304
future,MiniBatchKMeans,13,6,0.5364539667320933,0.0030127876809788842
future,MiniBatchKMeans,14,18,0.0,0.0014494156536688958
future,MiniBatchKMeans,15,27,0.1115789261862413,0.029038083365611058
future,MiniBatchKMeans,16,20,0.024105185782113275,0.004200099517024266
future,MiniBatchKMeans,17,30,0.16495978739632683,0.020175918858694807
future,MiniBatchKMeans,18,9,0.0,0.001156329699524414
future,MiniBatchKMeans,19,23,0.005159690096923303,0.0016503848298402692
future,MiniBatchKMeans,20,15,0.07401601017923619,0.006669641335996109
future,MiniBatchKMeans,21,10,0.009227803023707522,0.0005496217875492163
future,MiniBatchKMeans,22,8,0.5085317110822615,0.017222400852562297
future,MiniBatchKMeans,23,14,0.0,0.0012306580628945276
future,MiniBatchKMeans,24,26,0.004218368225733137,0.0002992116325039929
future,MiniBatchKMeans,25,3,0.30280091209927357,0.5624204564625624
future,MiniBatchKMeans,26,24,0.14650084543209455,0.09177607928259607
future,MiniBatchKMeans,27,12,0.0,0.0015297309195256717
future,MiniBatchKMeans,28,7,0.010496196909860865,0.0041029648458209885
future,MiniBatchKMeans,29,16,0.008409886661647985,0.002755738073379037
future,MiniBatchKMeans,30,0,0.0,0.0043549714389652305
future,GMM (diag),0,25,0.2764247329844171,0.008438200329382686
future,GMM (diag),1,19,0.283263506662909,0.009384563762530605
future,GMM (diag),2,21,0.09767295996346524,0.013178402227018214
future,GMM (diag),3,12,0.2559856595737322,0.014567061396975082
future,GMM (diag),4,20,0.6551002631419912,0.07971145845190848
future,GMM (diag),5,10,0.0,0.0
future,GMM (diag),6,11,0.3965570746839819,0.11833524762518514
future,GMM (diag),7,1,0.4239834771179786,0.0032720992703565033
future,GMM (diag),8,16,0.32317403481198226,0.12175088511204948
future,GMM (diag),9,27,0.41584866936063986,0.005220847786761559
future,GMM (diag),10,6,0.0,0.00012843090377088733
future,GMM (diag),11,0,0.4819676370548101,0.39622929323697353
future,GMM (diag),12,22,0.26474716187177405,0.09138162292360977
future,GMM (diag),13,18,0.0,0.007282540822761813
future,GMM (diag),14,3,0.0,7.564580028082456e-05
future,GMM (diag),15,2,0.007399872260262405,0.0006330697465454848
future,GMM (diag),16,4,0.20039826761415294,0.00691827028754
future,GMM (diag),17,9,0.0,0.0007388122170267856
future,GMM (diag),18,15,0.3126059919442134,0.025425630915158478
future,GMM (diag),19,7,0.0,0.004362163026406028
future,GMM (diag),20,8,0.05692613672857452,0.0023341391109618203
future,GMM (diag),21,26,0.0989719902082199,0.0019801676103327072
future,GMM (diag),22,30,0.3433289365738658,0.015973848492365224
future,GMM (diag),23,29,0.0,0.0
future,GMM (diag),24,14,0.27171421578738536,0.05909412687151684
future,GMM (diag),25,17,0.0,0.0009118135652161032
future,GMM (diag),26,5,0.02485231400683337,0.00035870913771054823
future,GMM (diag),27,23,0.0,0.0011593111075509771
future,GMM (diag),28,24,0.0,0.0047852549624067845
future,GMM (diag),29,28,0.0,0.00014103608227228822
future,GMM (diag),30,13,3.390292214751889e-05,0.006227347217425448
future,BIRCH,0,16,0.22882884592760694,0.006849447703449273
future,BIRCH,1,6,0.0030488059366159644,0.019212691010420224
future,BIRCH,2,3,0.09390190166385164,0.0002905380101844417
future,BIRCH,3,4,0.7579581306858648,0.8453137427102188
future,BIRCH,4,8,0.03853623962051436,0.0004351209922582599
future,BIRCH,5,9,0.0024906790835176433,0.0008173061463347689
future,BIRCH,6,21,0.0022332243637010907,0.0003134780336845101
future,BIRCH,7,27,0.0005549228716276794,0.003835974597576473
future,BIRCH,8,12,0.0049992000730336985,0.0002952882519122987
future,BIRCH,9,7,0.003001411680980413,0.001833885609987799
future,BIRCH,10,19,0.014048768577235264,0.03545402675205448
future,BIRCH,11,11,0.006979568353929139,0.00059193407011328
future,BIRCH,12,10,0.004388542268691219,0.008166126229095861
future,BIRCH,13,23,0.002103026422154956,0.00022760633878553786
future,BIRCH,14,15,0.0,7.381731926434276e-05
future,BIRCH,15,26,0.001204575939746412,0.001457465556985046
future,BIRCH,16,5,0.023264037728426157,0.010395791498800804
future,BIRCH,17,30,0.1902316967088356,0.0004723211494756519
future,BIRCH,18,14,0.22663035219351316,0.01246110850458477
future,BIRCH,19,17,0.1501995252020137,8.081236962723233e-05
future,BIRCH,20,13,0.0,0.0023674804703464536
future,BIRCH,21,2,0.3162053145113709,4.898933622845134e-05
future,BIRCH,22,1,0.0027948755736722395,5.3723193750690066e-05
future,BIRCH,23,0,0.0,0.00011932759327452257
future,BIRCH,24,18,0.0,0.0003689030895493135
future,BIRCH,25,22,0.0,0.00016756367803414944
future,BIRCH,26,20,0.0,6.913597192853139e-05
future,BIRCH,27,25,0.07129893808270357,0.04319859469853224
future,BIRCH,28,24,0.544596242507187,0.001355716770565854
future,BIRCH,29,28,0.0,0.0024428345657167175
future,BIRCH,30,29,0.0,0.0012292477772593094
future,Ward (sample + NC),0,1,0.0003952893417794857,0.009590096811467037
future,Ward (sample + NC),1,4,0.003203813847866587,0.002850818642229526
future,Ward (sample + NC),2,9,0.0021198789633478164,0.0030296717314654614
future,Ward (sample + NC),3,2,0.3842184958750541,0.5451255241444758
future,Ward (sample + NC),4,21,0.1658985089228482,0.024621403683878898
future,Ward (sample + NC),5,16,0.0014642668961092817,0.01878531004899776
future,Ward (sample + NC),6,5,0.00838800771865311,0.0035650917189405233
future,Ward (sample + NC),7,3,0.2339712553702755,0.011039984117428176
future,Ward (sample + NC),8,23,0.035691116823448055,0.0005876964760517597
future,Ward (sample + NC),9,25,0.0018502164553792374,0.0011045676162925269
future,Ward (sample + NC),10,20,0.0009697453281352612,0.0010871683164819044
future,Ward (sample + NC),11,24,0.09275730808294005,0.030982504587639584
future,Ward (sample + NC),12,12,0.0818370673599139,0.0002692616348864437
future,Ward (sample + NC),13,11,0.20960552573712007,0.03692062218653571
future,Ward (sample + NC),14,8,0.19563936059879042,0.1900015683447094
future,Ward (sample + NC),15,0,0.026240769297905454,0.018300333827169855
future,Ward (sample + NC),16,14,0.08709960974059902,0.01344011644180927
future,Ward (sample + NC),17,17,0.0,0.016763551919805317
future,Ward (sample + NC),18,27,0.000897016870364208,0.002204527238053342
future,Ward (sample + NC),19,30,0.16927062209945812,0.00029459639809822154
future,Ward (sample + NC),20,19,0.3607548423048344,0.0002068042174375332
future,Ward (sample + NC),21,18,0.0015595310931539473,0.005356521863452035
future,Ward (sample + NC),22,29,0.0026292120794545208,0.006725599926178624
future,Ward (sample + NC),23,22,0.14773968029266252,5.0167879843114675e-05
future,Ward (sample + NC),24,28,0.0,0.004609918110839766
future,Ward (sample + NC),25,6,0.0019761418606785643,0.0008008212393156246
future,Ward (sample + NC),26,15,0.0013636627780544992,0.0002352174022544093
future,Ward (sample + NC),27,10,0.35371559837792815,0.005099757047471941
future,Ward (sample + NC),28,13,0.004785159523617941,0.0008087626546051385
future,Ward (sample + NC),29,26,0.2175758890156023,0.04313626456049285
future,Ward (sample + NC),30,7,0.3240189920709805,0.0024057492116924526
future,VKV-partial (K*),0,0,0.7370719592972718,0.5482952098590173
future,VKV-partial (K*),1,16,0.7936810409827698,3.566295178289831e-05
future,VKV-partial (K*),2,1,0.9362575095646001,0.40903677269174415
future,VKV-partial (K*),3,10,0.9737948812155772,2.1766242863881446e-05
future,VKV-partial (K*),4,7,0.002049664383477912,0.0006022487917113455
future,VKV-partial (K*),5,22,0.0,0.00033586821572023314
future,VKV-partial (K*),6,2,1.0,1.4063897536347658e-05
future,VKV-partial (K*),7,24,0.5156743047340782,2.8513845853497375e-05
future,VKV-partial (K*),8,3,0.7958776912948317,0.00040927672612017785
future,VKV-partial (K*),9,29,0.4198174261266926,0.004253240394457138
future,VKV-partial (K*),10,6,1.0,1.3810876230636531e-06
future,VKV-partial (K*),11,20,0.6039833883472591,0.0023974797049787205
future,VKV-partial (K*),12,30,0.5600852938732988,4.304462903415573e-06
future,VKV-partial (K*),13,19,0.808920785877171,0.00021878062039909661
future,VKV-partial (K*),14,12,0.0,0.0
future,VKV-partial (K*),15,8,0.4151984620510028,0.0005843450308330041
future,VKV-partial (K*),16,13,0.0,0.0
future,VKV-partial (K*),17,28,0.08376916035092521,2.7889213150882978e-05
future,VKV-partial (K*),18,9,0.9676515193138939,5.122521336147231e-05
future,VKV-partial (K*),19,25,0.0,0.0
future,VKV-partial (K*),20,23,0.4222389157252195,0.014983383595712593
future,VKV-partial (K*),21,17,0.9558031887833213,8.313094938650681e-05
future,VKV-partial (K*),22,4,0.2476603709670583,0.0005370865125454389
future,VKV-partial (K*),23,5,0.5338337471670522,8.596270154701909e-05
future,VKV-partial (K*),24,18,0.55823897130831,0.002669265846888717
future,VKV-partial (K*),25,27,0.663658094361073,0.013084071089712277
future,VKV-partial (K*),26,11,0.33423222057912394,0.0018180435619532293
future,VKV-partial (K*),27,14,0.0,5.857362682237588e-07
future,VKV-partial (K*),28,21,0.44383924018837545,0.0001071599592957894
future,VKV-partial (K*),29,15,0.2707873043017822,0.0003132810966338117
